time_ms,fuel_pressure_psi,chamber_pressure_psi,oxygen_pressure_psi,ducer4_psi,ducer5_psi,ducer6_psi,ducer7_psi,ducer8_psi,thermistor1_C,thermistor2_C,thermistor3_C,thermistor4_C,thermistor5_C,thermistor6_C,loadcell_lbs
3,5,8,3,0,0,0,0,0,0,0,0,0,0,0,0
4,5,7,2,0,0,0,0,0,0,0,0,0,0,0,0
5,5,7,2,0,0,0,0,0,0,0,0,0,0,0,0
6,5,8,2,0,0,0,0,0,0,0,0,0,0,0,0
7,5,8,2,0,0,0,0,0,0,0,0,0,0,0,0
8,5,8,2,0,0,0,0,0,0,0,0,0,0,0,0
9,5,8,1,0,0,0,0,0,0,0,0,0,0,0,0
11,5,8,1,0,0,0,0,0,0,0,0,0,0,0,0
12,5,8,1,0,0,0,0,0,0,0,0,0,0,0,0
13,5,8,0,0,0,0,0,0,0,0,0,0,0,0,0
14,5,8,0,0,0,0,0,0,0,0,0,0,0,0,0
15,5,7,0,0,0,0,0,0,0,0,0,0,0,0,0
16,5,7,0,0,0,0,0,0,0,0,0,0,0,0,0
17,5,6,0,0,0,0,0,0,0,0,0,0,0,0,0
18,5,5,0,0,0,0,0,0,0,0,0,0,0,0,0
19,5,5,0,0,0,0,0,0,0,0,0,0,0,0,0
26,5,5,3,0,0,0,0,0,0,0,0,0,0,0,0
27,5,6,3,0,0,0,0,0,0,0,0,0,0,0,0
28,5,7,4,0,0,0,0,0,0,0,0,0,0,0,0
29,5,7,5,0,0,0,0,0,0,0,0,0,0,0,0
30,5,7,5,0,0,0,0,0,0,0,0,0,0,0,0
32,5,7,5,0,0,0,0,0,0,0,0,0,0,0,0
36,5,8,4,0,0,0,0,0,0,0,0,0,0,0,0
37,5,8,4,0,0,0,0,0,0,0,0,0,0,0,0
38,5,8,3,0,0,0,0,0,0,0,0,0,0,0,0
39,5,8,2,0,0,0,0,0,0,0,0,0,0,0,0
41,5,8,2,0,0,0,0,0,0,0,0,0,0,0,0
42,5,7,1,0,0,0,0,0,0,0,0,0,0,0,0
44,5,7,1,0,0,0,0,0,0,0,0,0,0,0,0
45,5,7,0,0,0,0,0,0,0,0,0,0,0,0,0
46,5,7,1,0,0,0,0,0,0,0,0,0,0,0,0
47,5,7,1,0,0,0,0,0,0,0,0,0,0,0,0
48,5,7,1,0,0,0,0,0,0,0,0,0,0,0,0
49,5,6,1,0,0,0,0,0,0,0,0,0,0,0,0
50,5,6,1,0,0,0,0,0,0,0,0,0,0,0,0
51,5,6,1,0,0,0,0,0,0,0,0,0,0,0,0
52,5,5,2,0,0,0,0,0,0,0,0,0,0,0,0
53,5,5,3,0,0,0,0,0,0,0,0,0,0,0,0
54,5,5,4,0,0,0,0,0,0,0,0,0,0,0,0
55,5,5,5,0,0,0,0,0,0,0,0,0,0,0,0
62,5,8,5,0,0,0,0,0,0,0,0,0,0,0,0
63,5,8,4,0,0,0,0,0,0,0,0,0,0,0,0
64,5,9,4,0,0,0,0,0,0,0,0,0,0,0,0
66,5,9,3,0,0,0,0,0,0,0,0,0,0,0,0
67,5,9,3,0,0,0,0,0,0,0,0,0,0,0,0
68,5,9,2,0,0,0,0,0,0,0,0,0,0,0,0
70,5,8,2,0,0,0,0,0,0,0,0,0,0,0,0
72,5,8,2,0,0,0,0,0,0,0,0,0,0,0,0
73,5,9,2,0,0,0,0,0,0,0,0,0,0,0,0
74,5,9,2,0,0,0,0,0,0,0,0,0,0,0,0
75,5,9,3,0,0,0,0,0,0,0,0,0,0,0,0
77,5,9,3,0,0,0,0,0,0,0,0,0,0,0,0
79,5,9,4,0,0,0,0,0,0,0,0,0,0,0,0
81,5,8,4,0,0,0,0,0,0,0,0,0,0,0,0
82,5,8,4,0,0,0,0,0,0,0,0,0,0,0,0
83,5,7,4,0,0,0,0,0,0,0,0,0,0,0,0
84,5,7,4,0,0,0,0,0,0,0,0,0,0,0,0
85,5,6,4,0,0,0,0,0,0,0,0,0,0,0,0
86,5,5,4,0,0,0,0,0,0,0,0,0,0,0,0
87,5,5,4,0,0,0,0,0,0,0,0,0,0,0,0
88,5,5,3,0,0,0,0,0,0,0,0,0,0,0,0
89,5,5,3,0,0,0,0,0,0,0,0,0,0,0,0
90,5,5,3,0,0,0,0,0,0,0,0,0,0,0,0
91,5,6,3,0,0,0,0,0,0,0,0,0,0,0,0
100,5,8,1,0,0,0,0,0,0,0,0,0,0,0,0
101,5,7,1,0,0,0,0,0,0,0,0,0,0,0,0
102,5,7,1,0,0,0,0,0,0,0,0,0,0,0,0
103,5,7,1,0,0,0,0,0,0,0,0,0,0,0,0
104,5,6,1,0,0,0,0,0,0,0,0,0,0,0,0
106,5,6,2,0,0,0,0,0,0,0,0,0,0,0,0
108,5,6,2,0,0,0,0,0,0,0,0,0,0,0,0
110,5,7,2,0,0,0,0,0,0,0,0,0,0,0,0
111,5,7,3,0,0,0,0,0,0,0,0,0,0,0,0
112,5,7,3,0,0,0,0,0,0,0,0,0,0,0,0
113,5,8,3,0,0,0,0,0,0,0,0,0,0,0,0
115,5,8,3,0,0,0,0,0,0,0,0,0,0,0,0
116,5,8,3,0,0,0,0,0,0,0,0,0,0,0,0
117,5,8,3,0,0,0,0,0,0,0,0,0,0,0,0
118,5,8,3,0,0,0,0,0,0,0,0,0,0,0,0
120,5,8,3,0,0,0,0,0,0,0,0,0,0,0,0
121,5,8,3,0,0,0,0,0,0,0,0,0,0,0,0
122,5,7,3,0,0,0,0,0,0,0,0,0,0,0,0
123,5,7,3,0,0,0,0,0,0,0,0,0,0,0,0
124,5,6,4,0,0,0,0,0,0,0,0,0,0,0,0
125,5,6,4,0,0,0,0,0,0,0,0,0,0,0,0
126,5,6,5,0,0,0,0,0,0,0,0,0,0,0,0
127,5,6,5,0,0,0,0,0,0,0,0,0,0,0,0
128,5,6,5,0,0,0,0,0,0,0,0,0,0,0,0
143,5,7,6,0,0,0,0,0,0,0,0,0,0,0,0
145,5,8,6,0,0,0,0,0,0,0,0,0,0,0,0
146,5,8,5,0,0,0,0,0,0,0,0,0,0,0,0
147,5,8,5,0,0,0,0,0,0,0,0,0,0,0,0
148,5,8,5,0,0,0,0,0,0,0,0,0,0,0,0
150,5,8,5,0,0,0,0,0,0,0,0,0,0,0,0
152,5,8,5,0,0,0,0,0,0,0,0,0,0,0,0
154,5,8,4,0,0,0,0,0,0,0,0,0,0,0,0
156,5,7,4,0,0,0,0,0,0,0,0,0,0,0,0
157,5,7,3,0,0,0,0,0,0,0,0,0,0,0,0
158,5,7,3,0,0,0,0,0,0,0,0,0,0,0,0
159,5,7,3,0,0,0,0,0,0,0,0,0,0,0,0
161,5,7,3,0,0,0,0,0,0,0,0,0,0,0,0
162,5,7,3,0,0,0,0,0,0,0,0,0,0,0,0
163,5,7,3,0,0,0,0,0,0,0,0,0,0,0,0
164,5,7,4,0,0,0,0,0,0,0,0,0,0,0,0
165,5,7,4,0,0,0,0,0,0,0,0,0,0,0,0
166,5,7,4,0,0,0,0,0,0,0,0,0,0,0,0
168,5,7,5,0,0,0,0,0,0,0,0,0,0,0,0
169,5,6,5,0,0,0,0,0,0,0,0,0,0,0,0
170,5,6,5,0,0,0,0,0,0,0,0,0,0,0,0
171,5,5,5,0,0,0,0,0,0,0,0,0,0,0,0
172,5,5,5,0,0,0,0,0,0,0,0,0,0,0,0
173,5,5,4,0,0,0,0,0,0,0,0,0,0,0,0
180,5,10,2,0,0,0,0,0,0,0,0,0,0,0,0
181,5,10,2,0,0,0,0,0,0,0,0,0,0,0,0
182,5,9,2,0,0,0,0,0,0,0,0,0,0,0,0
183,5,9,2,0,0,0,0,0,0,0,0,0,0,0,0
185,5,8,2,0,0,0,0,0,0,0,0,0,0,0,0
187,5,8,2,0,0,0,0,0,0,0,0,0,0,0,0
189,5,7,2,0,0,0,0,0,0,0,0,0,0,0,0
190,5,7,2,0,0,0,0,0,0,0,0,0,0,0,0
191,5,6,3,0,0,0,0,0,0,0,0,0,0,0,0
192,5,6,3,0,0,0,0,0,0,0,0,0,0,0,0
193,5,7,3,0,0,0,0,0,0,0,0,0,0,0,0
194,5,7,3,0,0,0,0,0,0,0,0,0,0,0,0
196,5,8,3,0,0,0,0,0,0,0,0,0,0,0,0
198,5,8,3,0,0,0,0,0,0,0,0,0,0,0,0
199,5,8,3,0,0,0,0,0,0,0,0,0,0,0,0
200,5,8,3,0,0,0,0,0,0,0,0,0,0,0,0
201,5,7,2,0,0,0,0,0,0,0,0,0,0,0,0
202,5,7,2,0,0,0,0,0,0,0,0,0,0,0,0
204,5,6,1,0,0,0,0,0,0,0,0,0,0,0,0
205,5,6,2,0,0,0,0,0,0,0,0,0,0,0,0
206,5,6,2,0,0,0,0,0,0,0,0,0,0,0,0
207,5,5,2,0,0,0,0,0,0,0,0,0,0,0,0
208,5,5,1,0,0,0,0,0,0,0,0,0,0,0,0
209,5,5,2,0,0,0,0,0,0,0,0,0,0,0,0
218,5,7,3,0,0,0,0,0,0,0,0,0,0,0,0
219,5,7,4,0,0,0,0,0,0,0,0,0,0,0,0
220,5,6,4,0,0,0,0,0,0,0,0,0,0,0,0
221,5,6,4,0,0,0,0,0,0,0,0,0,0,0,0
222,5,5,4,0,0,0,0,0,0,0,0,0,0,0,0
224,5,6,4,0,0,0,0,0,0,0,0,0,0,0,0
226,5,6,3,0,0,0,0,0,0,0,0,0,0,0,0
228,5,6,3,0,0,0,0,0,0,0,0,0,0,0,0
230,5,6,2,0,0,0,0,0,0,0,0,0,0,0,0
231,5,6,2,0,0,0,0,0,0,0,0,0,0,0,0
232,5,6,1,0,0,0,0,0,0,0,0,0,0,0,0
234,5,6,1,0,0,0,0,0,0,0,0,0,0,0,0
236,5,6,0,0,0,0,0,0,0,0,0,0,0,0,0
238,5,6,0,0,0,0,0,0,0,0,0,0,0,0,0
239,5,6,0,0,0,0,0,0,0,0,0,0,0,0,0
240,5,5,0,0,0,0,0,0,0,0,0,0,0,0,0
241,5,5,0,0,0,0,0,0,0,0,0,0,0,0,0
242,5,5,0,0,0,0,0,0,0,0,0,0,0,0,0
243,5,5,1,0,0,0,0,0,0,0,0,0,0,0,0
244,5,6,2,0,0,0,0,0,0,0,0,0,0,0,0
245,5,6,2,0,0,0,0,0,0,0,0,0,0,0,0
247,5,6,3,0,0,0,0,0,0,0,0,0,0,0,0
248,5,7,4,0,0,0,0,0,0,0,0,0,0,0,0
249,5,7,4,0,0,0,0,0,0,0,0,0,0,0,0
257,5,6,4,0,0,0,0,0,0,0,0,0,0,0,0
258,5,6,3,0,0,0,0,0,0,0,0,0,0,0,0
259,5,6,3,0,0,0,0,0,0,0,0,0,0,0,0
260,5,6,2,0,0,0,0,0,0,0,0,0,0,0,0
261,5,6,2,0,0,0,0,0,0,0,0,0,0,0,0
262,5,7,2,0,0,0,0,0,0,0,0,0,0,0,0
264,5,7,2,0,0,0,0,0,0,0,0,0,0,0,0
266,5,6,3,0,0,0,0,0,0,0,0,0,0,0,0
268,5,6,3,0,0,0,0,0,0,0,0,0,0,0,0
269,5,6,4,0,0,0,0,0,0,0,0,0,0,0,0
270,5,6,4,0,0,0,0,0,0,0,0,0,0,0,0
271,5,5,4,0,0,0,0,0,0,0,0,0,0,0,0
272,5,5,4,0,0,0,0,0,0,0,0,0,0,0,0
273,5,5,5,0,0,0,0,0,0,0,0,0,0,0,0
274,5,4,5,0,0,0,0,0,0,0,0,0,0,0,0
275,5,4,5,0,0,0,0,0,0,0,0,0,0,0,0
277,5,4,5,0,0,0,0,0,0,0,0,0,0,0,0
278,5,5,5,0,0,0,0,0,0,0,0,0,0,0,0
279,5,5,4,0,0,0,0,0,0,0,0,0,0,0,0
280,5,6,4,0,0,0,0,0,0,0,0,0,0,0,0
281,5,6,3,0,0,0,0,0,0,0,0,0,0,0,0
282,5,6,3,0,0,0,0,0,0,0,0,0,0,0,0
283,5,6,2,0,0,0,0,0,0,0,0,0,0,0,0
284,5,7,2,0,0,0,0,0,0,0,0,0,0,0,0
300,5,7,2,0,0,0,0,0,0,0,0,0,0,0,0
301,5,7,2,0,0,0,0,0,0,0,0,0,0,0,0
302,5,7,3,0,0,0,0,0,0,0,0,0,0,0,0
304,5,7,4,0,0,0,0,0,0,0,0,0,0,0,0
306,5,7,4,0,0,0,0,0,0,0,0,0,0,0,0
307,5,7,3,0,0,0,0,0,0,0,0,0,0,0,0
309,5,7,3,0,0,0,0,0,0,0,0,0,0,0,0
311,5,7,3,0,0,0,0,0,0,0,0,0,0,0,0
312,5,7,2,0,0,0,0,0,0,0,0,0,0,0,0
313,5,7,2,0,0,0,0,0,0,0,0,0,0,0,0
314,5,7,1,0,0,0,0,0,0,0,0,0,0,0,0
316,5,7,1,0,0,0,0,0,0,0,0,0,0,0,0
317,5,7,1,0,0,0,0,0,0,0,0,0,0,0,0
318,5,6,1,0,0,0,0,0,0,0,0,0,0,0,0
319,5,6,1,0,0,0,0,0,0,0,0,0,0,0,0
320,5,6,1,0,0,0,0,0,0,0,0,0,0,0,0
321,5,5,1,0,0,0,0,0,0,0,0,0,0,0,0
322,5,5,1,0,0,0,0,0,0,0,0,0,0,0,0
323,5,6,1,0,0,0,0,0,0,0,0,0,0,0,0
324,5,6,2,0,0,0,0,0,0,0,0,0,0,0,0
325,5,7,3,0,0,0,0,0,0,0,0,0,0,0,0
326,5,7,3,0,0,0,0,0,0,0,0,0,0,0,0
327,5,7,4,0,0,0,0,0,0,0,0,0,0,0,0
328,5,8,5,0,0,0,0,0,0,0,0,0,0,0,0
336,5,8,5,0,0,0,0,0,0,0,0,0,0,0,0
337,5,8,4,0,0,0,0,0,0,0,0,0,0,0,0
338,5,8,3,0,0,0,0,0,0,0,0,0,0,0,0
339,5,7,2,0,0,0,0,0,0,0,0,0,0,0,0
340,5,7,1,0,0,0,0,0,0,0,0,0,0,0,0
341,5,7,1,0,0,0,0,0,0,0,0,0,0,0,0
343,5,7,1,0,0,0,0,0,0,0,0,0,0,0,0
345,5,7,1,0,0,0,0,0,0,0,0,0,0,0,0
346,5,7,1,0,0,0,0,0,0,0,0,0,0,0,0
347,5,8,1,0,0,0,0,0,0,0,0,0,0,0,0
348,5,8,2,0,0,0,0,0,0,0,0,0,0,0,0
349,5,7,2,0,0,0,0,0,0,0,0,0,0,0,0
351,5,7,2,0,0,0,0,0,0,0,0,0,0,0,0
353,5,7,2,0,0,0,0,0,0,0,0,0,0,0,0
354,5,7,3,0,0,0,0,0,0,0,0,0,0,0,0
355,5,7,3,0,0,0,0,0,0,0,0,0,0,0,0
356,5,7,4,0,0,0,0,0,0,0,0,0,0,0,0
357,5,7,5,0,0,0,0,0,0,0,0,0,0,0,0
358,5,7,5,0,0,0,0,0,0,0,0,0,0,0,0
359,5,7,5,0,0,0,0,0,0,0,0,0,0,0,0
360,5,7,5,0,0,0,0,0,0,0,0,0,0,0,0
361,5,7,5,0,0,0,0,0,0,0,0,0,0,0,0
362,5,8,5,0,0,0,0,0,0,0,0,0,0,0,0
363,5,8,4,0,0,0,0,0,0,0,0,0,0,0,0
380,5,6,2,0,0,0,0,0,0,0,0,0,0,0,0
382,5,6,2,0,0,0,0,0,0,0,0,0,0,0,0
383,5,5,3,0,0,0,0,0,0,0,0,0,0,0,0
384,5,5,3,0,0,0,0,0,0,0,0,0,0,0,0
386,5,5,3,0,0,0,0,0,0,0,0,0,0,0,0
388,5,5,3,0,0,0,0,0,0,0,0,0,0,0,0
390,5,5,3,0,0,0,0,0,0,0,0,0,0,0,0
392,5,5,3,0,0,0,0,0,0,0,0,0,0,0,0
393,5,5,2,0,0,0,0,0,0,0,0,0,0,0,0
394,5,5,2,0,0,0,0,0,0,0,0,0,0,0,0
396,5,5,2,0,0,0,0,0,0,0,0,0,0,0,0
397,5,5,2,0,0,0,0,0,0,0,0,0,0,0,0
399,5,6,3,0,0,0,0,0,0,0,0,0,0,0,0
400,5,6,3,0,0,0,0,0,0,0,0,0,0,0,0
401,5,6,4,0,0,0,0,0,0,0,0,0,0,0,0
402,5,7,4,0,0,0,0,0,0,0,0,0,0,0,0
403,5,7,5,0,0,0,0,0,0,0,0,0,0,0,0
404,5,6,5,0,0,0,0,0,0,0,0,0,0,0,0
405,5,6,5,0,0,0,0,0,0,0,0,0,0,0,0
406,5,6,4,0,0,0,0,0,0,0,0,0,0,0,0
407,5,6,4,0,0,0,0,0,0,0,0,0,0,0,0
408,5,5,4,0,0,0,0,0,0,0,0,0,0,0,0
409,5,5,4,0,0,0,0,0,0,0,0,0,0,0,0
410,5,5,5,0,0,0,0,0,0,0,0,0,0,0,0
417,5,8,5,0,0,0,0,0,0,0,0,0,0,0,0
418,5,8,5,0,0,0,0,0,0,0,0,0,0,0,0
419,5,8,4,0,0,0,0,0,0,0,0,0,0,0,0
420,5,7,4,0,0,0,0,0,0,0,0,0,0,0,0
421,5,7,3,0,0,0,0,0,0,0,0,0,0,0,0
422,5,6,3,0,0,0,0,0,0,0,0,0,0,0,0
423,5,6,2,0,0,0,0,0,0,0,0,0,0,0,0
424,5,6,2,0,0,0,0,0,0,0,0,0,0,0,0
425,5,6,2,0,0,0,0,0,0,0,0,0,0,0,0
426,5,6,2,0,0,0,0,0,0,0,0,0,0,0,0
429,5,7,1,0,0,0,0,0,0,0,0,0,0,0,0
430,5,7,1,0,0,0,0,0,0,0,0,0,0,0,0
432,5,7,1,0,0,0,0,0,0,0,0,0,0,0,0
433,5,7,2,0,0,0,0,0,0,0,0,0,0,0,0
434,5,7,2,0,0,0,0,0,0,0,0,0,0,0,0
435,5,7,3,0,0,0,0,0,0,0,0,0,0,0,0
436,5,6,3,0,0,0,0,0,0,0,0,0,0,0,0
437,5,6,4,0,0,0,0,0,0,0,0,0,0,0,0
438,5,6,5,0,0,0,0,0,0,0,0,0,0,0,0
439,5,5,5,0,0,0,0,0,0,0,0,0,0,0,0
440,5,5,5,0,0,0,0,0,0,0,0,0,0,0,0
441,5,5,5,0,0,0,0,0,0,0,0,0,0,0,0
442,5,5,5,0,0,0,0,0,0,0,0,0,0,0,0
443,5,5,5,0,0,0,0,0,0,0,0,0,0,0,0
451,5,8,2,0,0,0,0,0,0,0,0,0,0,0,0
452,5,8,2,0,0,0,0,0,0,0,0,0,0,0,0
453,5,8,2,0,0,0,0,0,0,0,0,0,0,0,0
454,5,7,1,0,0,0,0,0,0,0,0,0,0,0,0
455,5,6,1,0,0,0,0,0,0,0,0,0,0,0,0
457,5,6,1,0,0,0,0,0,0,0,0,0,0,0,0
459,5,5,1,0,0,0,0,0,0,0,0,0,0,0,0
462,5,5,1,0,0,0,0,0,0,0,0,0,0,0,0
463,5,5,2,0,0,0,0,0,0,0,0,0,0,0,0
464,5,5,3,0,0,0,0,0,0,0,0,0,0,0,0
466,5,6,3,0,0,0,0,0,0,0,0,0,0,0,0
467,5,5,3,0,0,0,0,0,0,0,0,0,0,0,0
469,6,5,3,0,0,0,0,0,0,0,0,0,0,0,0
470,6,5,3,0,0,0,0,0,0,0,0,0,0,0,0
471,6,5,3,0,0,0,0,0,0,0,0,0,0,0,0
472,6,5,3,0,0,0,0,0,0,0,0,0,0,0,0
473,6,5,3,0,0,0,0,0,0,0,0,0,0,0,0
474,6,4,2,0,0,0,0,0,0,0,0,0,0,0,0
475,6,4,2,0,0,0,0,0,0,0,0,0,0,0,0
476,5,5,2,0,0,0,0,0,0,0,0,0,0,0,0
477,5,5,2,0,0,0,0,0,0,0,0,0,0,0,0
478,5,5,2,0,0,0,0,0,0,0,0,0,0,0,0
479,5,6,2,0,0,0,0,0,0,0,0,0,0,0,0
480,5,7,1,0,0,0,0,0,0,0,0,0,0,0,0
488,5,7,2,0,0,0,0,0,0,0,0,0,0,0,0
489,5,7,2,0,0,0,0,0,0,0,0,0,0,0,0
490,5,7,2,0,0,0,0,0,0,0,0,0,0,0,0
493,5,7,2,0,0,0,0,0,0,0,0,0,0,0,0
494,5,7,2,0,0,0,0,0,0,0,0,0,0,0,0
495,5,7,2,0,0,0,0,0,0,0,0,0,0,0,0
497,5,8,2,0,0,0,0,0,0,0,0,0,0,0,0
499,5,8,2,0,0,0,0,0,0,0,0,0,0,0,0
500,5,8,2,0,0,0,0,0,0,0,0,0,0,0,0
501,5,7,2,0,0,0,0,0,0,0,0,0,0,0,0
503,5,7,1,0,0,0,0,0,0,0,0,0,0,0,0
505,5,7,1,0,0,0,0,0,0,0,0,0,0,0,0
506,5,6,1,0,0,0,0,0,0,0,0,0,0,0,0
507,5,6,0,0,0,0,0,0,0,0,0,0,0,0,0
509,5,6,0,0,0,0,0,0,0,0,0,0,0,0,0
510,5,6,0,0,0,0,0,0,0,0,0,0,0,0,0
511,5,7,0,0,0,0,0,0,0,0,0,0,0,0,0
512,5,7,0,0,0,0,0,0,0,0,0,0,0,0,0
514,5,8,0,0,0,0,0,0,0,0,0,0,0,0,0
515,5,8,0,0,0,0,0,0,0,0,0,0,0,0,0
516,5,7,0,0,0,0,0,0,0,0,0,0,0,0,0
517,5,7,0,0,0,0,0,0,0,0,0,0,0,0,0
518,5,7,1,0,0,0,0,0,0,0,0,0,0,0,0
519,5,7,2,0,0,0,0,0,0,0,0,0,0,0,0
534,5,7,2,0,0,0,0,0,0,0,0,0,0,0,0
536,5,7,2,0,0,0,0,0,0,0,0,0,0,0,0
537,5,7,2,0,0,0,0,0,0,0,0,0,0,0,0
538,5,6,2,0,0,0,0,0,0,0,0,0,0,0,0
539,5,5,2,0,0,0,0,0,0,0,0,0,0,0,0
541,5,5,2,0,0,0,0,0,0,0,0,0,0,0,0
543,5,5,2,0,0,0,0,0,0,0,0,0,0,0,0
545,5,6,3,0,0,0,0,0,0,0,0,0,0,0,0
547,5,6,3,0,0,0,0,0,0,0,0,0,0,0,0
548,5,6,3,0,0,0,0,0,0,0,0,0,0,0,0
549,5,6,3,0,0,0,0,0,0,0,0,0,0,0,0
550,5,6,3,0,0,0,0,0,0,0,0,0,0,0,0
551,5,6,4,0,0,0,0,0,0,0,0,0,0,0,0
553,5,6,4,0,0,0,0,0,0,0,0,0,0,0,0
554,5,6,4,0,0,0,0,0,0,0,0,0,0,0,0
555,5,5,4,0,0,0,0,0,0,0,0,0,0,0,0
556,5,5,4,0,0,0,0,0,0,0,0,0,0,0,0
557,5,5,4,0,0,0,0,0,0,0,0,0,0,0,0
558,5,5,3,0,0,0,0,0,0,0,0,0,0,0,0
559,5,5,3,0,0,0,0,0,0,0,0,0,0,0,0
560,5,5,3,0,0,0,0,0,0,0,0,0,0,0,0
561,5,5,2,0,0,0,0,0,0,0,0,0,0,0,0
562,5,6,2,0,0,0,0,0,0,0,0,0,0,0,0
563,5,7,2,0,0,0,0,0,0,0,0,0,0,0,0
570,5,9,1,0,0,0,0,0,0,0,0,0,0,0,0
571,5,8,2,0,0,0,0,0,0,0,0,0,0,0,0
572,5,8,2,0,0,0,0,0,0,0,0,0,0,0,0
573,5,7,2,0,0,0,0,0,0,0,0,0,0,0,0
575,5,7,3,0,0,0,0,0,0,0,0,0,0,0,0
577,5,7,2,0,0,0,0,0,0,0,0,0,0,0,0
579,5,7,2,0,0,0,0,0,0,0,0,0,0,0,0
581,5,7,2,0,0,0,0,0,0,0,0,0,0,0,0
582,5,7,2,0,0,0,0,0,0,0,0,0,0,0,0
583,5,7,2,0,0,0,0,0,0,0,0,0,0,0,0
584,5,7,2,0,0,0,0,0,0,0,0,0,0,0,0
586,5,7,2,0,0,0,0,0,0,0,0,0,0,0,0
588,5,7,1,0,0,0,0,0,0,0,0,0,0,0,0
589,5,7,1,0,0,0,0,0,0,0,0,0,0,0,0
590,5,7,1,0,0,0,0,0,0,0,0,0,0,0,0
591,5,7,1,0,0,0,0,0,0,0,0,0,0,0,0
592,5,6,1,0,0,0,0,0,0,0,0,0,0,0,0
593,5,6,2,0,0,0,0,0,0,0,0,0,0,0,0
594,5,5,2,0,0,0,0,0,0,0,0,0,0,0,0
595,5,6,2,0,0,0,0,0,0,0,0,0,0,0,0
596,5,7,3,0,0,0,0,0,0,0,0,0,0,0,0
597,5,7,3,0,0,0,0,0,0,0,0,0,0,0,0
598,5,8,3,0,0,0,0,0,0,0,0,0,0,0,0
599,5,8,3,0,0,0,0,0,0,0,0,0,0,0,0
606,5,7,6,0,0,0,0,0,0,0,0,0,0,0,0
607,5,6,6,0,0,0,0,0,0,0,0,0,0,0,0
608,5,6,5,0,0,0,0,0,0,0,0,0,0,0,0
609,5,6,5,0,0,0,0,0,0,0,0,0,0,0,0
610,5,6,5,0,0,0,0,0,0,0,0,0,0,0,0
611,5,5,4,0,0,0,0,0,0,0,0,0,0,0,0
615,5,5,4,0,0,0,0,0,0,0,0,0,0,0,0
617,5,5,3,0,0,0,0,0,0,0,0,0,0,0,0
619,5,6,3,0,0,0,0,0,0,0,0,0,0,0,0
620,5,6,3,0,0,0,0,0,0,0,0,0,0,0,0
621,5,6,3,0,0,0,0,0,0,0,0,0,0,0,0
622,5,6,3,0,0,0,0,0,0,0,0,0,0,0,0
624,5,6,2,0,0,0,0,0,0,0,0,0,0,0,0
626,5,7,2,0,0,0,0,0,0,0,0,0,0,0,0
628,5,7,2,0,0,0,0,0,0,0,0,0,0,0,0
629,5,7,3,0,0,0,0,0,0,0,0,0,0,0,0
630,5,8,3,0,0,0,0,0,0,0,0,0,0,0,0
631,5,8,3,0,0,0,0,0,0,0,0,0,0,0,0
633,5,9,4,0,0,0,0,0,0,0,0,0,0,0,0
634,5,9,4,0,0,0,0,0,0,0,0,0,0,0,0
635,5,9,4,0,0,0,0,0,0,0,0,0,0,0,0
636,5,8,4,0,0,0,0,0,0,0,0,0,0,0,0
637,5,8,3,0,0,0,0,0,0,0,0,0,0,0,0
638,5,8,3,0,0,0,0,0,0,0,0,0,0,0,0
645,5,6,2,0,0,0,0,0,0,0,0,0,0,0,0
646,5,7,2,0,0,0,0,0,0,0,0,0,0,0,0
647,5,8,3,0,0,0,0,0,0,0,0,0,0,0,0
648,5,8,3,0,0,0,0,0,0,0,0,0,0,0,0
650,5,9,3,0,0,0,0,0,0,0,0,0,0,0,0
652,5,9,4,0,0,0,0,0,0,0,0,0,0,0,0
654,5,8,4,0,0,0,0,0,0,0,0,0,0,0,0
656,5,8,4,0,0,0,0,0,0,0,0,0,0,0,0
657,5,7,4,0,0,0,0,0,0,0,0,0,0,0,0
658,5,7,4,0,0,0,0,0,0,0,0,0,0,0,0
660,5,6,4,0,0,0,0,0,0,0,0,0,0,0,0
661,5,6,4,0,0,0,0,0,0,0,0,0,0,0,0
662,5,7,4,0,0,0,0,0,0,0,0,0,0,0,0
663,5,7,4,0,0,0,0,0,0,0,0,0,0,0,0
664,5,7,4,0,0,0,0,0,0,0,0,0,0,0,0
665,5,8,4,0,0,0,0,0,0,0,0,0,0,0,0
666,5,8,3,0,0,0,0,0,0,0,0,0,0,0,0
667,5,8,3,0,0,0,0,0,0,0,0,0,0,0,0
668,5,8,2,0,0,0,0,0,0,0,0,0,0,0,0
669,5,8,1,0,0,0,0,0,0,0,0,0,0,0,0
670,5,8,1,0,0,0,0,0,0,0,0,0,0,0,0
671,5,7,1,0,0,0,0,0,0,0,0,0,0,0,0
672,5,7,1,0,0,0,0,0,0,0,0,0,0,0,0
673,5,8,1,0,0,0,0,0,0,0,0,0,0,0,0
681,5,8,2,0,0,0,0,0,0,0,0,0,0,0,0
682,5,8,2,0,0,0,0,0,0,0,0,0,0,0,0
683,5,8,2,0,0,0,0,0,0,0,0,0,0,0,0
684,5,8,2,0,0,0,0,0,0,0,0,0,0,0,0
686,5,8,2,0,0,0,0,0,0,0,0,0,0,0,0
688,5,8,2,0,0,0,0,0,0,0,0,0,0,0,0
690,5,8,2,0,0,0,0,0,0,0,0,0,0,0,0
692,5,7,2,0,0,0,0,0,0,0,0,0,0,0,0
693,5,7,2,0,0,0,0,0,0,0,0,0,0,0,0
694,5,7,1,0,0,0,0,0,0,0,0,0,0,0,0
695,5,7,1,0,0,0,0,0,0,0,0,0,0,0,0
696,5,6,1,0,0,0,0,0,0,0,0,0,0,0,0
698,5,6,1,0,0,0,0,0,0,0,0,0,0,0,0
699,5,6,1,0,0,0,0,0,0,0,0,0,0,0,0
700,5,6,2,0,0,0,0,0,0,0,0,0,0,0,0
701,5,6,2,0,0,0,0,0,0,0,0,0,0,0,0
702,5,6,2,0,0,0,0,0,0,0,0,0,0,0,0
703,5,6,3,0,0,0,0,0,0,0,0,0,0,0,0
704,5,6,3,0,0,0,0,0,0,0,0,0,0,0,0
705,5,5,3,0,0,0,0,0,0,0,0,0,0,0,0
706,5,5,3,0,0,0,0,0,0,0,0,0,0,0,0
707,5,5,3,0,0,0,0,0,0,0,0,0,0,0,0
708,5,5,3,0,0,0,0,0,0,0,0,0,0,0,0
709,5,5,4,0,0,0,0,0,0,0,0,0,0,0,0
716,5,8,7,0,0,0,0,0,0,0,0,0,0,0,0
717,5,9,6,0,0,0,0,0,0,0,0,0,0,0,0
718,5,9,6,0,0,0,0,0,0,0,0,0,0,0,0
719,5,9,6,0,0,0,0,0,0,0,0,0,0,0,0
720,5,9,5,0,0,0,0,0,0,0,0,0,0,0,0
721,5,8,4,0,0,0,0,0,0,0,0,0,0,0,0
723,5,8,4,0,0,0,0,0,0,0,0,0,0,0,0
725,5,7,3,0,0,0,0,0,0,0,0,0,0,0,0
726,5,7,3,0,0,0,0,0,0,0,0,0,0,0,0
728,5,8,3,0,0,0,0,0,0,0,0,0,0,0,0
729,5,8,2,0,0,0,0,0,0,0,0,0,0,0,0
730,5,8,2,0,0,0,0,0,0,0,0,0,0,0,0
731,5,9,2,0,0,0,0,0,0,0,0,0,0,0,0
732,5,9,2,0,0,0,0,0,0,0,0,0,0,0,0
735,5,10,2,0,0,0,0,0,0,0,0,0,0,0,0
737,5,10,2,0,0,0,0,0,0,0,0,0,0,0,0
738,5,9,2,0,0,0,0,0,0,0,0,0,0,0,0
739,5,8,2,0,0,0,0,0,0,0,0,0,0,0,0
741,5,8,3,0,0,0,0,0,0,0,0,0,0,0,0
742,5,8,3,0,0,0,0,0,0,0,0,0,0,0,0
743,5,7,4,0,0,0,0,0,0,0,0,0,0,0,0
744,5,7,4,0,0,0,0,0,0,0,0,0,0,0,0
745,5,6,4,0,0,0,0,0,0,0,0,0,0,0,0
746,5,6,4,0,0,0,0,0,0,0,0,0,0,0,0
754,5,8,3,0,0,0,0,0,0,0,0,0,0,0,0
755,5,7,2,0,0,0,0,0,0,0,0,0,0,0,0
756,5,7,2,0,0,0,0,0,0,0,0,0,0,0,0
757,5,7,2,0,0,0,0,0,0,0,0,0,0,0,0
759,5,7,3,0,0,0,0,0,0,0,0,0,0,0,0
760,5,7,3,0,0,0,0,0,0,0,0,0,0,0,0
762,5,7,4,0,0,0,0,0,0,0,0,0,0,0,0
764,5,7,4,0,0,0,0,0,0,0,0,0,0,0,0
766,5,7,4,0,0,0,0,0,0,0,0,0,0,0,0
767,5,7,5,0,0,0,0,0,0,0,0,0,0,0,0
768,5,7,5,0,0,0,0,0,0,0,0,0,0,0,0
769,5,7,5,0,0,0,0,0,0,0,0,0,0,0,0
770,5,7,5,0,0,0,0,0,0,0,0,0,0,0,0
772,5,7,5,0,0,0,0,0,0,0,0,0,0,0,0
773,5,6,5,0,0,0,0,0,0,0,0,0,0,0,0
774,5,6,4,0,0,0,0,0,0,0,0,0,0,0,0
775,5,6,4,0,0,0,0,0,0,0,0,0,0,0,0
776,5,6,4,0,0,0,0,0,0,0,0,0,0,0,0
777,5,6,3,0,0,0,0,0,0,0,0,0,0,0,0
778,5,6,3,0,0,0,0,0,0,0,0,0,0,0,0
779,5,6,3,0,0,0,0,0,0,0,0,0,0,0,0
780,5,6,2,0,0,0,0,0,0,0,0,0,0,0,0
781,5,7,2,0,0,0,0,0,0,0,0,0,0,0,0
782,5,8,2,0,0,0,0,0,0,0,0,0,0,0,0
797,5,7,4,0,0,0,0,0,0,0,0,0,0,0,0
799,5,7,4,0,0,0,0,0,0,0,0,0,0,0,0
801,5,7,4,0,0,0,0,0,0,0,0,0,0,0,0
803,5,7,4,0,0,0,0,0,0,0,0,0,0,0,0
804,5,6,4,0,0,0,0,0,0,0,0,0,0,0,0
805,5,6,3,0,0,0,0,0,0,0,0,0,0,0,0
807,5,5,3,0,0,0,0,0,0,0,0,0,0,0,0
809,5,5,3,0,0,0,0,0,0,0,0,0,0,0,0
811,5,5,3,0,0,0,0,0,0,0,0,0,0,0,0
812,5,6,4,0,0,0,0,0,0,0,0,0,0,0,0
813,5,7,4,0,0,0,0,0,0,0,0,0,0,0,0
814,5,7,4,0,0,0,0,0,0,0,0,0,0,0,0
815,5,8,4,0,0,0,0,0,0,0,0,0,0,0,0
816,5,9,4,0,0,0,0,0,0,0,0,0,0,0,0
818,5,9,4,0,0,0,0,0,0,0,0,0,0,0,0
819,5,9,4,0,0,0,0,0,0,0,0,0,0,0,0
820,5,8,4,0,0,0,0,0,0,0,0,0,0,0,0
821,5,8,5,0,0,0,0,0,0,0,0,0,0,0,0
822,5,7,5,0,0,0,0,0,0,0,0,0,0,0,0
823,5,7,5,0,0,0,0,0,0,0,0,0,0,0,0
824,5,6,5,0,0,0,0,0,0,0,0,0,0,0,0
825,5,6,5,0,0,0,0,0,0,0,0,0,0,0,0
826,5,5,5,0,0,0,0,0,0,0,0,0,0,0,0
827,5,5,5,0,0,0,0,0,0,0,0,0,0,0,0
835,5,8,2,0,0,0,0,0,0,0,0,0,0,0,0
836,5,8,2,0,0,0,0,0,0,0,0,0,0,0,0
837,5,8,2,0,0,0,0,0,0,0,0,0,0,0,0
838,5,8,2,0,0,0,0,0,0,0,0,0,0,0,0
839,5,8,2,0,0,0,0,0,0,0,0,0,0,0,0
841,5,7,2,0,0,0,0,0,0,0,0,0,0,0,0
843,5,7,2,0,0,0,0,0,0,0,0,0,0,0,0
845,5,7,2,0,0,0,0,0,0,0,0,0,0,0,0
846,5,7,2,0,0,0,0,0,0,0,0,0,0,0,0
847,5,7,2,0,0,0,0,0,0,0,0,0,0,0,0
848,5,7,3,0,0,0,0,0,0,0,0,0,0,0,0
850,5,8,4,0,0,0,0,0,0,0,0,0,0,0,0
852,5,8,4,0,0,0,0,0,0,0,0,0,0,0,0
854,5,8,4,0,0,0,0,0,0,0,0,0,0,0,0
855,5,8,4,0,0,0,0,0,0,0,0,0,0,0,0
856,5,8,4,0,0,0,0,0,0,0,0,0,0,0,0
858,5,8,4,0,0,0,0,0,0,0,0,0,0,0,0
859,5,8,4,0,0,0,0,0,0,0,0,0,0,0,0
861,5,7,3,0,0,0,0,0,0,0,0,0,0,0,0
862,5,7,3,0,0,0,0,0,0,0,0,0,0,0,0
863,5,7,3,0,0,0,0,0,0,0,0,0,0,0,0
864,5,7,2,0,0,0,0,0,0,0,0,0,0,0,0
865,5,8,2,0,0,0,0,0,0,0,0,0,0,0,0
866,5,9,2,0,0,0,0,0,0,0,0,0,0,0,0
873,5,8,1,0,0,0,0,0,0,0,0,0,0,0,0
874,5,8,1,0,0,0,0,0,0,0,0,0,0,0,0
875,5,7,2,0,0,0,0,0,0,0,0,0,0,0,0
876,5,7,2,0,0,0,0,0,0,0,0,0,0,0,0
877,5,7,2,0,0,0,0,0,0,0,0,0,0,0,0
878,5,7,2,0,0,0,0,0,0,0,0,0,0,0,0
880,5,7,2,0,0,0,0,0,0,0,0,0,0,0,0
881,5,7,2,0,0,0,0,0,0,0,0,0,0,0,0
882,5,7,2,0,0,0,0,0,0,0,0,0,0,0,0
883,5,7,2,0,0,0,0,0,0,0,0,0,0,0,0
884,5,7,2,0,0,0,0,0,0,0,0,0,0,0,0
886,5,8,2,0,0,0,0,0,0,0,0,0,0,0,0
889,5,7,2,0,0,0,0,0,0,0,0,0,0,0,0
891,5,7,1,0,0,0,0,0,0,0,0,0,0,0,0
892,5,6,1,0,0,0,0,0,0,0,0,0,0,0,0
894,5,6,1,0,0,0,0,0,0,0,0,0,0,0,0
895,5,5,1,0,0,0,0,0,0,0,0,0,0,0,0
896,5,5,1,0,0,0,0,0,0,0,0,0,0,0,0
897,5,5,1,0,0,0,0,0,0,0,0,0,0,0,0
898,5,5,1,0,0,0,0,0,0,0,0,0,0,0,0
899,5,6,1,0,0,0,0,0,0,0,0,0,0,0,0
900,5,7,1,0,0,0,0,0,0,0,0,0,0,0,0
901,5,7,2,0,0,0,0,0,0,0,0,0,0,0,0
902,5,8,3,0,0,0,0,0,0,0,0,0,0,0,0
915,5,7,2,0,0,0,0,0,0,0,0,0,0,0,0
916,5,7,1,0,0,0,0,0,0,0,0,0,0,0,0
918,5,7,1,0,0,0,0,0,0,0,0,0,0,0,0
920,5,7,1,0,0,0,0,0,0,0,0,0,0,0,0
921,5,7,1,0,0,0,0,0,0,0,0,0,0,0,0
923,5,7,1,0,0,0,0,0,0,0,0,0,0,0,0
924,5,7,2,0,0,0,0,0,0,0,0,0,0,0,0
926,5,7,2,0,0,0,0,0,0,0,0,0,0,0,0
927,5,6,2,0,0,0,0,0,0,0,0,0,0,0,0
929,5,6,2,0,0,0,0,0,0,0,0,0,0,0,0
931,5,6,2,0,0,0,0,0,0,0,0,0,0,0,0
933,5,7,2,0,0,0,0,0,0,0,0,0,0,0,0
934,5,7,2,0,0,0,0,0,0,0,0,0,0,0,0
935,5,7,2,0,0,0,0,0,0,0,0,0,0,0,0
936,5,7,2,0,0,0,0,0,0,0,0,0,0,0,0
937,5,7,2,0,0,0,0,0,0,0,0,0,0,0,0
938,5,7,2,0,0,0,0,0,0,0,0,0,0,0,0
939,5,7,2,0,0,0,0,0,0,0,0,0,0,0,0
941,5,6,2,0,0,0,0,0,0,0,0,0,0,0,0
942,5,6,2,0,0,0,0,0,0,0,0,0,0,0,0
943,4,6,2,0,0,0,0,0,0,0,0,0,0,0,0
944,4,6,2,0,0,0,0,0,0,0,0,0,0,0,0
945,4,5,1,0,0,0,0,0,0,0,0,0,0,0,0
946,4,5,1,0,0,0,0,0,0,0,0,0,0,0,0
953,5,6,0,0,0,0,0,0,0,0,0,0,0,0,0
954,5,6,1,0,0,0,0,0,0,0,0,0,0,0,0
955,5,6,1,0,0,0,0,0,0,0,0,0,0,0,0
956,5,6,3,0,0,0,0,0,0,0,0,0,0,0,0
957,5,6,3,0,0,0,0,0,0,0,0,0,0,0,0
959,5,6,4,0,0,0,0,0,0,0,0,0,0,0,0
961,5,6,4,0,0,0,0,0,0,0,0,0,0,0,0
963,5,6,4,0,0,0,0,0,0,0,0,0,0,0,0
965,5,6,4,0,0,0,0,0,0,0,0,0,0,0,0
966,5,7,3,0,0,0,0,0,0,0,0,0,0,0,0
968,5,7,3,0,0,0,0,0,0,0,0,0,0,0,0
969,5,7,2,0,0,0,0,0,0,0,0,0,0,0,0
971,5,7,2,0,0,0,0,0,0,0,0,0,0,0,0
972,5,7,2,0,0,0,0,0,0,0,0,0,0,0,0
973,5,7,2,0,0,0,0,0,0,0,0,0,0,0,0
974,5,7,2,0,0,0,0,0,0,0,0,0,0,0,0
975,5,7,2,0,0,0,0,0,0,0,0,0,0,0,0
976,5,7,3,0,0,0,0,0,0,0,0,0,0,0,0
978,5,7,3,0,0,0,0,0,0,0,0,0,0,0,0
979,5,6,2,0,0,0,0,0,0,0,0,0,0,0,0
980,5,6,2,0,0,0,0,0,0,0,0,0,0,0,0
981,5,6,2,0,0,0,0,0,0,0,0,0,0,0,0
982,5,7,2,0,0,0,0,0,0,0,0,0,0,0,0
983,5,8,2,0,0,0,0,0,0,0,0,0,0,0,0
991,5,6,3,0,0,0,0,0,0,0,0,0,0,0,0
992,5,6,3,0,0,0,0,0,0,0,0,0,0,0,0
993,5,5,3,0,0,0,0,0,0,0,0,0,0,0,0
994,5,5,3,0,0,0,0,0,0,0,0,0,0,0,0
996,5,5,3,0,0,0,0,0,0,0,0,0,0,0,0
997,5,6,3,0,0,0,0,0,0,0,0,0,0,0,0
999,5,6,2,0,0,0,0,0,0,0,0,0,0,0,0
1001,5,6,2,0,0,0,0,0,0,0,0,0,0,0,0
1002,5,7,2,0,0,0,0,0,0,0,0,0,0,0,0
1003,5,7,2,0,0,0,0,0,0,0,0,0,0,0,0
1004,5,7,2,0,0,0,0,0,0,0,0,0,0,0,0
1005,5,6,2,0,0,0,0,0,0,0,0,0,0,0,0
1007,5,6,2,0,0,0,0,0,0,0,0,0,0,0,0
1010,5,5,2,0,0,0,0,0,0,0,0,0,0,0,0
1012,5,5,2,0,0,0,0,0,0,0,0,0,0,0,0
1013,5,5,2,0,0,0,0,0,0,0,0,0,0,0,0
1014,5,5,2,0,0,0,0,0,0,0,0,0,0,0,0
1015,5,5,3,0,0,0,0,0,0,0,0,0,0,0,0
1017,5,5,3,0,0,0,0,0,0,0,0,0,0,0,0
1018,5,6,3,0,0,0,0,0,0,0,0,0,0,0,0
1019,5,7,3,0,0,0,0,0,0,0,0,0,0,0,0
1020,5,7,3,0,0,0,0,0,0,0,0,0,0,0,0
1021,5,7,3,0,0,0,0,0,0,0,0,0,0,0,0
1022,5,7,3,0,0,0,0,0,0,0,0,0,0,0,0
1029,5,4,1,0,0,0,0,0,0,0,0,0,0,0,0
1030,5,4,0,0,0,0,0,0,0,0,0,0,0,0,0
1031,5,4,1,0,0,0,0,0,0,0,0,0,0,0,0
1032,5,5,1,0,0,0,0,0,0,0,0,0,0,0,0
1034,5,6,2,0,0,0,0,0,0,0,0,0,0,0,0
1035,5,6,2,0,0,0,0,0,0,0,0,0,0,0,0
1037,5,6,3,0,0,0,0,0,0,0,0,0,0,0,0
1038,5,6,3,0,0,0,0,0,0,0,0,0,0,0,0
1041,5,6,4,0,0,0,0,0,0,0,0,0,0,0,0
1043,5,6,4,0,0,0,0,0,0,0,0,0,0,0,0
1044,5,6,4,0,0,0,0,0,0,0,0,0,0,0,0
1045,5,6,4,0,0,0,0,0,0,0,0,0,0,0,0
1047,5,6,4,0,0,0,0,0,0,0,0,0,0,0,0
1049,5,7,4,0,0,0,0,0,0,0,0,0,0,0,0
1050,5,7,4,0,0,0,0,0,0,0,0,0,0,0,0
1051,5,8,3,0,0,0,0,0,0,0,0,0,0,0,0
1052,5,8,3,0,0,0,0,0,0,0,0,0,0,0,0
1053,5,8,3,0,0,0,0,0,0,0,0,0,0,0,0
1054,5,8,2,0,0,0,0,0,0,0,0,0,0,0,0
1055,5,8,2,0,0,0,0,0,0,0,0,0,0,0,0
1056,5,8,2,0,0,0,0,0,0,0,0,0,0,0,0
1057,5,7,3,0,0,0,0,0,0,0,0,0,0,0,0
1058,5,7,3,0,0,0,0,0,0,0,0,0,0,0,0
1059,5,6,3,0,0,0,0,0,0,0,0,0,0,0,0
1066,5,5,4,0,0,0,0,0,0,0,0,0,0,0,0
1067,5,5,4,0,0,0,0,0,0,0,0,0,0,0,0
1068,5,6,4,0,0,0,0,0,0,0,0,0,0,0,0
1070,5,7,5,0,0,0,0,0,0,0,0,0,0,0,0
1071,5,7,5,0,0,0,0,0,0,0,0,0,0,0,0
1072,5,7,5,0,0,0,0,0,0,0,0,0,0,0,0
1074,5,7,5,0,0,0,0,0,0,0,0,0,0,0,0
1075,5,7,4,0,0,0,0,0,0,0,0,0,0,0,0
1076,5,7,3,0,0,0,0,0,0,0,0,0,0,0,0
1077,5,6,3,0,0,0,0,0,0,0,0,0,0,0,0
1078,5,6,2,0,0,0,0,0,0,0,0,0,0,0,0
1079,5,6,2,0,0,0,0,0,0,0,0,0,0,0,0
1080,5,6,2,0,0,0,0,0,0,0,0,0,0,0,0
1081,5,6,1,0,0,0,0,0,0,0,0,0,0,0,0
1082,5,6,1,0,0,0,0,0,0,0,0,0,0,0,0
1083,5,6,1,0,0,0,0,0,0,0,0,0,0,0,0
1084,5,7,1,0,0,0,0,0,0,0,0,0,0,0,0
1085,5,7,1,0,0,0,0,0,0,0,0,0,0,0,0
1087,5,7,1,0,0,0,0,0,0,0,0,0,0,0,0
1088,5,7,1,0,0,0,0,0,0,0,0,0,0,0,0
1089,5,7,1,0,0,0,0,0,0,0,0,0,0,0,0
1090,5,7,1,0,0,0,0,0,0,0,0,0,0,0,0
1091,5,6,1,0,0,0,0,0,0,0,0,0,0,0,0
1092,5,6,1,0,0,0,0,0,0,0,0,0,0,0,0
1107,5,7,3,0,0,0,0,0,0,0,0,0,0,0,0
1108,5,7,3,0,0,0,0,0,0,0,0,0,0,0,0
1110,5,7,2,0,0,0,0,0,0,0,0,0,0,0,0
1111,5,6,2,0,0,0,0,0,0,0,0,0,0,0,0
1112,5,6,2,0,0,0,0,0,0,0,0,0,0,0,0
1114,5,6,2,0,0,0,0,0,0,0,0,0,0,0,0
1116,5,6,2,0,0,0,0,0,0,0,0,0,0,0,0
1117,5,6,2,0,0,0,0,0,0,0,0,0,0,0,0
1119,5,5,2,0,0,0,0,0,0,0,0,0,0,0,0
1120,5,5,2,0,0,0,0,0,0,0,0,0,0,0,0
1121,5,5,3,0,0,0,0,0,0,0,0,0,0,0,0
1123,5,5,3,0,0,0,0,0,0,0,0,0,0,0,0
1124,5,5,4,0,0,0,0,0,0,0,0,0,0,0,0
1126,5,5,4,0,0,0,0,0,0,0,0,0,0,0,0
1127,5,5,4,0,0,0,0,0,0,0,0,0,0,0,0
1128,5,5,3,0,0,0,0,0,0,0,0,0,0,0,0
1129,5,4,3,0,0,0,0,0,0,0,0,0,0,0,0
1130,5,4,3,0,0,0,0,0,0,0,0,0,0,0,0
1132,5,4,3,0,0,0,0,0,0,0,0,0,0,0,0
1133,5,4,2,0,0,0,0,0,0,0,0,0,0,0,0
1134,5,4,2,0,0,0,0,0,0,0,0,0,0,0,0
1135,5,5,2,0,0,0,0,0,0,0,0,0,0,0,0
1136,5,5,2,0,0,0,0,0,0,0,0,0,0,0,0
1137,5,6,1,0,0,0,0,0,0,0,0,0,0,0,0
1145,5,5,2,0,0,0,0,0,0,0,0,0,0,0,0
1146,5,5,3,0,0,0,0,0,0,0,0,0,0,0,0
1147,5,5,4,0,0,0,0,0,0,0,0,0,0,0,0
1148,5,5,5,0,0,0,0,0,0,0,0,0,0,0,0
1150,5,5,5,0,0,0,0,0,0,0,0,0,0,0,0
1152,5,5,5,0,0,0,0,0,0,0,0,0,0,0,0
1154,5,5,5,0,0,0,0,0,0,0,0,0,0,0,0
1155,5,5,5,0,0,0,0,0,0,0,0,0,0,0,0
1156,5,5,4,0,0,0,0,0,0,0,0,0,0,0,0
1157,5,5,4,0,0,0,0,0,0,0,0,0,0,0,0
1158,5,5,3,0,0,0,0,0,0,0,0,0,0,0,0
1160,5,4,3,0,0,0,0,0,0,0,0,0,0,0,0
1161,5,4,3,0,0,0,0,0,0,0,0,0,0,0,0
1162,5,5,2,0,0,0,0,0,0,0,0,0,0,0,0
1164,5,5,2,0,0,0,0,0,0,0,0,0,0,0,0
1166,5,6,2,0,0,0,0,0,0,0,0,0,0,0,0
1167,5,7,2,0,0,0,0,0,0,0,0,0,0,0,0
1168,5,8,1,0,0,0,0,0,0,0,0,0,0,0,0
1169,5,9,1,0,0,0,0,0,0,0,0,0,0,0,0
1170,5,9,1,0,0,0,0,0,0,0,0,0,0,0,0
1171,5,9,1,0,0,0,0,0,0,0,0,0,0,0,0
1172,5,9,1,0,0,0,0,0,0,0,0,0,0,0,0
1173,5,9,1,0,0,0,0,0,0,0,0,0,0,0,0
1174,5,8,1,0,0,0,0,0,0,0,0,0,0,0,0
1189,5,6,2,0,0,0,0,0,0,0,0,0,0,0,0
1190,5,6,2,0,0,0,0,0,0,0,0,0,0,0,0
1191,5,6,1,0,0,0,0,0,0,0,0,0,0,0,0
1194,5,7,1,0,0,0,0,0,0,0,0,0,0,0,0
1195,5,7,1,0,0,0,0,0,0,0,0,0,0,0,0
1196,5,7,1,0,0,0,0,0,0,0,0,0,0,0,0
1198,5,7,1,0,0,0,0,0,0,0,0,0,0,0,0
1200,5,7,1,0,0,0,0,0,0,0,0,0,0,0,0
1202,5,7,2,0,0,0,0,0,0,0,0,0,0,0,0
1204,5,7,2,0,0,0,0,0,0,0,0,0,0,0,0
1205,5,7,2,0,0,0,0,0,0,0,0,0,0,0,0
1206,5,6,2,0,0,0,0,0,0,0,0,0,0,0,0
1208,5,6,3,0,0,0,0,0,0,0,0,0,0,0,0
1209,5,5,3,0,0,0,0,0,0,0,0,0,0,0,0
1210,5,5,3,0,0,0,0,0,0,0,0,0,0,0,0
1211,5,5,3,0,0,0,0,0,0,0,0,0,0,0,0
1212,5,5,3,0,0,0,0,0,0,0,0,0,0,0,0
1213,5,4,3,0,0,0,0,0,0,0,0,0,0,0,0
1214,5,4,2,0,0,0,0,0,0,0,0,0,0,0,0
1215,5,5,2,0,0,0,0,0,0,0,0,0,0,0,0
1216,5,5,2,0,0,0,0,0,0,0,0,0,0,0,0
1217,5,6,2,0,0,0,0,0,0,0,0,0,0,0,0
1218,5,6,2,0,0,0,0,0,0,0,0,0,0,0,0
1219,5,7,1,0,0,0,0,0,0,0,0,0,0,0,0
1221,5,7,1,0,0,0,0,0,0,0,0,0,0,0,0
1222,5,7,1,0,0,0,0,0,0,0,0,0,0,0,0
1224,5,7,1,0,0,0,0,0,0,0,0,0,0,0,0
1225,5,7,1,0,0,0,0,0,0,0,0,0,0,0,0
1226,5,7,1,0,0,0,0,0,0,0,0,0,0,0,0
1227,5,7,1,0,0,0,0,0,0,0,0,0,0,0,0
1229,5,6,1,0,0,0,0,0,0,0,0,0,0,0,0
1230,5,6,2,0,0,0,0,0,0,0,0,0,0,0,0
1231,5,6,3,0,0,0,0,0,0,0,0,0,0,0,0
1233,5,6,3,0,0,0,0,0,0,0,0,0,0,0,0
1234,5,6,3,0,0,0,0,0,0,0,0,0,0,0,0
1236,5,6,4,0,0,0,0,0,0,0,0,0,0,0,0
1237,5,6,4,0,0,0,0,0,0,0,0,0,0,0,0
1239,5,6,4,0,0,0,0,0,0,0,0,0,0,0,0
1240,5,7,4,0,0,0,0,0,0,0,0,0,0,0,0
1241,5,6,4,0,0,0,0,0,0,0,0,0,0,0,0
1242,5,6,4,0,0,0,0,0,0,0,0,0,0,0,0
1243,5,6,3,0,0,0,0,0,0,0,0,0,0,0,0
1245,5,7,3,0,0,0,0,0,0,0,0,0,0,0,0
1246,5,7,3,0,0,0,0,0,0,0,0,0,0,0,0
1247,5,7,2,0,0,0,0,0,0,0,0,0,0,0,0
1248,5,7,2,0,0,0,0,0,0,0,0,0,0,0,0
1249,5,7,2,0,0,0,0,0,0,0,0,0,0,0,0
1250,5,7,2,0,0,0,0,0,0,0,0,0,0,0,0
1259,5,7,3,0,0,0,0,0,0,0,0,0,0,0,0
1260,5,7,4,0,0,0,0,0,0,0,0,0,0,0,0
1261,5,6,4,0,0,0,0,0,0,0,0,0,0,0,0
1263,5,6,4,0,0,0,0,0,0,0,0,0,0,0,0
1265,5,6,4,0,0,0,0,0,0,0,0,0,0,0,0
1267,5,6,4,0,0,0,0,0,0,0,0,0,0,0,0
1269,5,7,3,0,0,0,0,0,0,0,0,0,0,0,0
1270,5,7,3,0,0,0,0,0,0,0,0,0,0,0,0
1271,5,7,3,0,0,0,0,0,0,0,0,0,0,0,0
1273,5,8,2,0,0,0,0,0,0,0,0,0,0,0,0
1274,5,7,2,0,0,0,0,0,0,0,0,0,0,0,0
1276,5,7,2,0,0,0,0,0,0,0,0,0,0,0,0
1278,5,6,1,0,0,0,0,0,0,0,0,0,0,0,0
1279,5,6,1,0,0,0,0,0,0,0,0,0,0,0,0
1280,5,6,1,0,0,0,0,0,0,0,0,0,0,0,0
1281,5,6,1,0,0,0,0,0,0,0,0,0,0,0,0
1282,5,6,2,0,0,0,0,0,0,0,0,0,0,0,0
1283,5,6,2,0,0,0,0,0,0,0,0,0,0,0,0
1285,5,6,2,0,0,0,0,0,0,0,0,0,0,0,0
1286,5,6,3,0,0,0,0,0,0,0,0,0,0,0,0
1287,5,6,3,0,0,0,0,0,0,0,0,0,0,0,0
1288,5,7,4,0,0,0,0,0,0,0,0,0,0,0,0
1289,5,7,5,0,0,0,0,0,0,0,0,0,0,0,0
1290,5,7,5,0,0,0,0,0,0,0,0,0,0,0,0
1297,5,5,3,0,0,0,0,0,0,0,0,0,0,0,0
1298,5,5,3,0,0,0,0,0,0,0,0,0,0,0,0
1299,5,5,3,0,0,0,0,0,0,0,0,0,0,0,0
1300,5,5,2,0,0,0,0,0,0,0,0,0,0,0,0
1301,5,6,2,0,0,0,0,0,0,0,0,0,0,0,0
1302,5,7,2,0,0,0,0,0,0,0,0,0,0,0,0
1304,5,7,1,0,0,0,0,0,0,0,0,0,0,0,0
1306,5,7,1,0,0,0,0,0,0,0,0,0,0,0,0
1307,5,7,1,0,0,0,0,0,0,0,0,0,0,0,0
1308,5,7,2,0,0,0,0,0,0,0,0,0,0,0,0
1310,5,7,2,0,0,0,0,0,0,0,0,0,0,0,0
1311,5,7,3,0,0,0,0,0,0,0,0,0,0,0,0
1312,5,7,3,0,0,0,0,0,0,0,0,0,0,0,0
1313,5,7,4,0,0,0,0,0,0,0,0,0,0,0,0
1316,5,7,4,0,0,0,0,0,0,0,0,0,0,0,0
1317,5,8,5,0,0,0,0,0,0,0,0,0,0,0,0
1318,5,9,5,0,0,0,0,0,0,0,0,0,0,0,0
1319,5,10,5,0,0,0,0,0,0,0,0,0,0,0,0
1320,5,10,5,0,0,0,0,0,0,0,0,0,0,0,0
1321,5,10,4,0,0,0,0,0,0,0,0,0,0,0,0
1322,5,10,3,0,0,0,0,0,0,0,0,0,0,0,0
1323,5,10,3,0,0,0,0,0,0,0,0,0,0,0,0
1324,5,9,2,0,0,0,0,0,0,0,0,0,0,0,0
1325,5,9,2,0,0,0,0,0,0,0,0,0,0,0,0
1332,5,6,1,0,0,0,0,0,0,0,0,0,0,0,0
1333,5,6,1,0,0,0,0,0,0,0,0,0,0,0,0
1334,5,7,1,0,0,0,0,0,0,0,0,0,0,0,0
1335,5,8,1,0,0,0,0,0,0,0,0,0,0,0,0
1337,5,8,1,0,0,0,0,0,0,0,0,0,0,0,0
1339,5,8,1,0,0,0,0,0,0,0,0,0,0,0,0
1341,5,8,1,0,0,0,0,0,0,0,0,0,0,0,0
1342,5,7,1,0,0,0,0,0,0,0,0,0,0,0,0
1343,5,7,1,0,0,0,0,0,0,0,0,0,0,0,0
1344,5,7,1,0,0,0,0,0,0,0,0,0,0,0,0
1345,5,7,1,0,0,0,0,0,0,0,0,0,0,0,0
1346,5,6,1,0,0,0,0,0,0,0,0,0,0,0,0
1348,5,7,1,0,0,0,0,0,0,0,0,0,0,0,0
1350,5,7,2,0,0,0,0,0,0,0,0,0,0,0,0
1351,5,7,2,0,0,0,0,0,0,0,0,0,0,0,0
1353,5,8,2,0,0,0,0,0,0,0,0,0,0,0,0
1354,5,8,2,0,0,0,0,0,0,0,0,0,0,0,0
1355,5,8,2,0,0,0,0,0,0,0,0,0,0,0,0
1356,5,8,2,0,0,0,0,0,0,0,0,0,0,0,0
1357,5,7,2,0,0,0,0,0,0,0,0,0,0,0,0
1358,5,7,2,0,0,0,0,0,0,0,0,0,0,0,0
1359,5,6,2,0,0,0,0,0,0,0,0,0,0,0,0
1360,5,6,2,0,0,0,0,0,0,0,0,0,0,0,0
1361,5,6,3,0,0,0,0,0,0,0,0,0,0,0,0
1376,5,7,4,0,0,0,0,0,0,0,0,0,0,0,0
1378,5,7,4,0,0,0,0,0,0,0,0,0,0,0,0
1380,5,6,4,0,0,0,0,0,0,0,0,0,0,0,0
1381,5,6,4,0,0,0,0,0,0,0,0,0,0,0,0
1383,5,6,4,0,0,0,0,0,0,0,0,0,0,0,0
1384,5,6,4,0,0,0,0,0,0,0,0,0,0,0,0
1386,5,7,4,0,0,0,0,0,0,0,0,0,0,0,0
1387,5,7,3,0,0,0,0,0,0,0,0,0,0,0,0
1389,5,7,3,0,0,0,0,0,0,0,0,0,0,0,0
1391,5,7,4,0,0,0,0,0,0,0,0,0,0,0,0
1392,5,7,4,0,0,0,0,0,0,0,0,0,0,0,0
1393,5,6,4,0,0,0,0,0,0,0,0,0,0,0,0
1395,5,6,4,0,0,0,0,0,0,0,0,0,0,0,0
1396,5,5,4,0,0,0,0,0,0,0,0,0,0,0,0
1397,5,5,4,0,0,0,0,0,0,0,0,0,0,0,0
1398,5,5,4,0,0,0,0,0,0,0,0,0,0,0,0
1399,5,5,3,0,0,0,0,0,0,0,0,0,0,0,0
1400,5,5,3,0,0,0,0,0,0,0,0,0,0,0,0
1402,5,5,3,0,0,0,0,0,0,0,0,0,0,0,0
1403,5,6,3,0,0,0,0,0,0,0,0,0,0,0,0
1404,5,6,2,0,0,0,0,0,0,0,0,0,0,0,0
1405,5,7,2,0,0,0,0,0,0,0,0,0,0,0,0
1406,5,7,2,0,0,0,0,0,0,0,0,0,0,0,0
1407,5,7,1,0,0,0,0,0,0,0,0,0,0,0,0
1414,5,5,1,0,0,0,0,0,0,0,0,0,0,0,0
1415,5,5,1,0,0,0,0,0,0,0,0,0,0,0,0
1416,5,4,1,0,0,0,0,0,0,0,0,0,0,0,0
1417,5,4,1,0,0,0,0,0,0,0,0,0,0,0,0
1419,5,4,1,0,0,0,0,0,0,0,0,0,0,0,0
1421,5,4,1,0,0,0,0,0,0,0,0,0,0,0,0
1423,5,5,2,0,0,0,0,0,0,0,0,0,0,0,0
1425,5,5,2,0,0,0,0,0,0,0,0,0,0,0,0
1426,5,5,2,0,0,0,0,0,0,0,0,0,0,0,0
1427,5,4,2,0,0,0,0,0,0,0,0,0,0,0,0
1428,5,5,2,0,0,0,0,0,0,0,0,0,0,0,0
1429,5,5,2,0,0,0,0,0,0,0,0,0,0,0,0
1431,5,5,2,0,0,0,0,0,0,0,0,0,0,0,0
1433,5,5,2,0,0,0,0,0,0,0,0,0,0,0,0
1434,5,5,1,0,0,0,0,0,0,0,0,0,0,0,0
1435,5,6,1,0,0,0,0,0,0,0,0,0,0,0,0
1436,5,6,1,0,0,0,0,0,0,0,0,0,0,0,0
1437,5,7,1,0,0,0,0,0,0,0,0,0,0,0,0
1438,5,8,1,0,0,0,0,0,0,0,0,0,0,0,0
1439,5,8,1,0,0,0,0,0,0,0,0,0,0,0,0
1440,5,8,1,0,0,0,0,0,0,0,0,0,0,0,0
1441,5,8,1,0,0,0,0,0,0,0,0,0,0,0,0
1442,5,7,1,0,0,0,0,0,0,0,0,0,0,0,0
1443,5,7,1,0,0,0,0,0,0,0,0,0,0,0,0
1458,4,8,5,0,0,0,0,0,0,0,0,0,0,0,0
1460,3,8,5,0,0,0,0,0,0,0,0,0,0,0,0
1461,3,7,4,0,0,0,0,0,0,0,0,0,0,0,0
1462,3,7,3,0,0,0,0,0,0,0,0,0,0,0,0
1463,3,6,3,0,0,0,0,0,0,0,0,0,0,0,0
1464,3,6,2,0,0,0,0,0,0,0,0,0,0,0,0
1466,3,6,2,0,0,0,0,0,0,0,0,0,0,0,0
1468,4,7,2,0,0,0,0,0,0,0,0,0,0,0,0
1470,4,7,2,0,0,0,0,0,0,0,0,0,0,0,0
1472,4,7,2,0,0,0,0,0,0,0,0,0,0,0,0
1473,4,6,2,0,0,0,0,0,0,0,0,0,0,0,0
1474,5,6,2,0,0,0,0,0,0,0,0,0,0,0,0
1475,5,6,2,0,0,0,0,0,0,0,0,0,0,0,0
1476,5,5,2,0,0,0,0,0,0,0,0,0,0,0,0
1477,5,5,2,0,0,0,0,0,0,0,0,0,0,0,0
1478,5,5,3,0,0,0,0,0,0,0,0,0,0,0,0
1479,5,5,4,0,0,0,0,0,0,0,0,0,0,0,0
1480,5,4,4,0,0,0,0,0,0,0,0,0,0,0,0
1481,5,4,5,0,0,0,0,0,0,0,0,0,0,0,0
1482,5,4,5,0,0,0,0,0,0,0,0,0,0,0,0
1483,5,4,5,0,0,0,0,0,0,0,0,0,0,0,0
1484,5,4,5,0,0,0,0,0,0,0,0,0,0,0,0
1485,5,5,4,0,0,0,0,0,0,0,0,0,0,0,0
1486,5,6,4,0,0,0,0,0,0,0,0,0,0,0,0
1493,5,8,2,0,0,0,0,0,0,0,0,0,0,0,0
1494,5,8,2,0,0,0,0,0,0,0,0,0,0,0,0
1495,5,8,1,0,0,0,0,0,0,0,0,0,0,0,0
1496,5,7,1,0,0,0,0,0,0,0,0,0,0,0,0
1497,5,7,2,0,0,0,0,0,0,0,0,0,0,0,0
1499,5,7,2,0,0,0,0,0,0,0,0,0,0,0,0
1501,5,7,2,0,0,0,0,0,0,0,0,0,0,0,0
1503,5,7,2,0,0,0,0,0,0,0,0,0,0,0,0
1505,5,7,3,0,0,0,0,0,0,0,0,0,0,0,0
1506,5,7,3,0,0,0,0,0,0,0,0,0,0,0,0
1507,5,7,3,0,0,0,0,0,0,0,0,0,0,0,0
1508,5,6,3,0,0,0,0,0,0,0,0,0,0,0,0
1510,5,6,2,0,0,0,0,0,0,0,0,0,0,0,0
1511,5,5,2,0,0,0,0,0,0,0,0,0,0,0,0
1512,5,5,2,0,0,0,0,0,0,0,0,0,0,0,0
1513,5,5,1,0,0,0,0,0,0,0,0,0,0,0,0
1514,5,5,1,0,0,0,0,0,0,0,0,0,0,0,0
1515,5,5,1,0,0,0,0,0,0,0,0,0,0,0,0
1517,5,5,1,0,0,0,0,0,0,0,0,0,0,0,0
1518,5,5,1,0,0,0,0,0,0,0,0,0,0,0,0
1519,5,6,1,0,0,0,0,0,0,0,0,0,0,0,0
1520,5,7,1,0,0,0,0,0,0,0,0,0,0,0,0
1521,5,7,1,0,0,0,0,0,0,0,0,0,0,0,0
1522,5,8,1,0,0,0,0,0,0,0,0,0,0,0,0
1529,5,6,1,0,0,0,0,0,0,0,0,0,0,0,0
1530,5,6,1,0,0,0,0,0,0,0,0,0,0,0,0
1531,5,5,1,0,0,0,0,0,0,0,0,0,0,0,0
1532,5,5,2,0,0,0,0,0,0,0,0,0,0,0,0
1533,5,5,3,0,0,0,0,0,0,0,0,0,0,0,0
1535,5,6,4,0,0,0,0,0,0,0,0,0,0,0,0
1537,5,6,4,0,0,0,0,0,0,0,0,0,0,0,0
1538,5,7,5,0,0,0,0,0,0,0,0,0,0,0,0
1539,5,6,4,0,0,0,0,0,0,0,0,0,0,0,0
1540,5,6,4,0,0,0,0,0,0,0,0,0,0,0,0
1542,5,6,3,0,0,0,0,0,0,0,0,0,0,0,0
1543,5,5,3,0,0,0,0,0,0,0,0,0,0,0,0
1545,5,5,2,0,0,0,0,0,0,0,0,0,0,0,0
1547,5,5,2,0,0,0,0,0,0,0,0,0,0,0,0
1548,5,5,1,0,0,0,0,0,0,0,0,0,0,0,0
1549,5,4,1,0,0,0,0,0,0,0,0,0,0,0,0
1550,5,4,0,0,0,0,0,0,0,0,0,0,0,0,0
1551,5,4,0,0,0,0,0,0,0,0,0,0,0,0,0
1552,5,4,0,0,0,0,0,0,0,0,0,0,0,0,0
1553,5,5,0,0,0,0,0,0,0,0,0,0,0,0,0
1554,5,5,0,0,0,0,0,0,0,0,0,0,0,0,0
1555,5,5,0,0,0,0,0,0,0,0,0,0,0,0,0
1556,5,6,0,0,0,0,0,0,0,0,0,0,0,0,0
1557,5,6,1,0,0,0,0,0,0,0,0,0,0,0,0
1573,5,7,3,0,0,0,0,0,0,0,0,0,0,0,0
1575,5,7,3,0,0,0,0,0,0,0,0,0,0,0,0
1576,5,7,2,0,0,0,0,0,0,0,0,0,0,0,0
1577,5,7,2,0,0,0,0,0,0,0,0,0,0,0,0
1579,5,7,2,0,0,0,0,0,0,0,0,0,0,0,0
1581,5,6,3,0,0,0,0,0,0,0,0,0,0,0,0
1583,5,7,4,0,0,0,0,0,0,0,0,0,0,0,0
1585,5,7,4,0,0,0,0,0,0,0,0,0,0,0,0
1586,5,8,5,0,0,0,0,0,0,0,0,0,0,0,0
1587,5,8,5,0,0,0,0,0,0,0,0,0,0,0,0
1588,5,9,6,0,0,0,0,0,0,0,0,0,0,0,0
1589,5,9,6,0,0,0,0,0,0,0,0,0,0,0,0
1590,5,9,6,0,0,0,0,0,0,0,0,0,0,0,0
1591,5,9,6,0,0,0,0,0,0,0,0,0,0,0,0
1592,5,9,6,0,0,0,0,0,0,0,0,0,0,0,0
1593,5,8,5,0,0,0,0,0,0,0,0,0,0,0,0
1594,5,8,5,0,0,0,0,0,0,0,0,0,0,0,0
1595,5,7,5,0,0,0,0,0,0,0,0,0,0,0,0
1597,5,7,4,0,0,0,0,0,0,0,0,0,0,0,0
1598,5,6,3,0,0,0,0,0,0,0,0,0,0,0,0
1599,5,5,3,0,0,0,0,0,0,0,0,0,0,0,0
1600,5,5,2,0,0,0,0,0,0,0,0,0,0,0,0
1601,5,4,1,0,0,0,0,0,0,0,0,0,0,0,0
1602,5,4,1,0,0,0,0,0,0,0,0,0,0,0,0
1609,5,7,0,0,0,0,0,0,0,0,0,0,0,0,0
1610,5,7,1,0,0,0,0,0,0,0,0,0,0,0,0
1611,5,7,1,0,0,0,0,0,0,0,0,0,0,0,0
1612,5,6,2,0,0,0,0,0,0,0,0,0,0,0,0
1614,5,6,2,0,0,0,0,0,0,0,0,0,0,0,0
1616,5,6,3,0,0,0,0,0,0,0,0,0,0,0,0
1618,5,6,3,0,0,0,0,0,0,0,0,0,0,0,0
1619,5,7,3,0,0,0,0,0,0,0,0,0,0,0,0
1620,5,7,3,0,0,0,0,0,0,0,0,0,0,0,0
1621,5,7,2,0,0,0,0,0,0,0,0,0,0,0,0
1622,5,7,2,0,0,0,0,0,0,0,0,0,0,0,0
1624,5,7,2,0,0,0,0,0,0,0,0,0,0,0,0
1626,5,7,1,0,0,0,0,0,0,0,0,0,0,0,0
1627,5,6,1,0,0,0,0,0,0,0,0,0,0,0,0
1628,5,6,1,0,0,0,0,0,0,0,0,0,0,0,0
1629,5,5,1,0,0,0,0,0,0,0,0,0,0,0,0
1630,5,5,1,0,0,0,0,0,0,0,0,0,0,0,0
1631,5,5,1,0,0,0,0,0,0,0,0,0,0,0,0
1632,5,4,1,0,0,0,0,0,0,0,0,0,0,0,0
1633,5,4,1,0,0,0,0,0,0,0,0,0,0,0,0
1634,5,4,1,0,0,0,0,0,0,0,0,0,0,0,0
1635,5,4,1,0,0,0,0,0,0,0,0,0,0,0,0
1636,5,5,1,0,0,0,0,0,0,0,0,0,0,0,0
1637,5,5,1,0,0,0,0,0,0,0,0,0,0,0,0
1644,5,7,5,0,0,0,0,0,0,0,0,0,0,0,0
1645,5,7,6,0,0,0,0,0,0,0,0,0,0,0,0
1646,5,7,6,0,0,0,0,0,0,0,0,0,0,0,0
1647,5,7,6,0,0,0,0,0,0,0,0,0,0,0,0
1648,5,6,5,0,0,0,0,0,0,0,0,0,0,0,0
1649,5,6,5,0,0,0,0,0,0,0,0,0,0,0,0
1651,5,6,4,0,0,0,0,0,0,0,0,0,0,0,0
1652,5,7,3,0,0,0,0,0,0,0,0,0,0,0,0
1653,5,8,3,0,0,0,0,0,0,0,0,0,0,0,0
1654,5,8,3,0,0,0,0,0,0,0,0,0,0,0,0
1656,5,8,2,0,0,0,0,0,0,0,0,0,0,0,0
1658,5,8,2,0,0,0,0,0,0,0,0,0,0,0,0
1659,5,8,2,0,0,0,0,0,0,0,0,0,0,0,0
1661,5,8,2,0,0,0,0,0,0,0,0,0,0,0,0
1663,5,7,3,0,0,0,0,0,0,0,0,0,0,0,0
1665,5,7,3,0,0,0,0,0,0,0,0,0,0,0,0
1666,5,6,3,0,0,0,0,0,0,0,0,0,0,0,0
1667,5,6,4,0,0,0,0,0,0,0,0,0,0,0,0
1668,5,6,5,0,0,0,0,0,0,0,0,0,0,0,0
1669,5,6,5,0,0,0,0,0,0,0,0,0,0,0,0
1670,5,6,6,0,0,0,0,0,0,0,0,0,0,0,0
1671,5,6,6,0,0,0,0,0,0,0,0,0,0,0,0
1672,5,6,5,0,0,0,0,0,0,0,0,0,0,0,0
1673,5,7,5,0,0,0,0,0,0,0,0,0,0,0,0
1689,5,7,2,0,0,0,0,0,0,0,0,0,0,0,0
1691,5,7,3,0,0,0,0,0,0,0,0,0,0,0,0
1692,5,7,3,0,0,0,0,0,0,0,0,0,0,0,0
1693,5,7,4,0,0,0,0,0,0,0,0,0,0,0,0
1694,5,7,5,0,0,0,0,0,0,0,0,0,0,0,0
1696,5,6,5,0,0,0,0,0,0,0,0,0,0,0,0
1698,5,6,5,0,0,0,0,0,0,0,0,0,0,0,0
1700,5,6,5,0,0,0,0,0,0,0,0,0,0,0,0
1702,5,6,4,0,0,0,0,0,0,0,0,0,0,0,0
1703,5,7,4,0,0,0,0,0,0,0,0,0,0,0,0
1704,5,7,3,0,0,0,0,0,0,0,0,0,0,0,0
1705,5,8,3,0,0,0,0,0,0,0,0,0,0,0,0
1706,5,8,3,0,0,0,0,0,0,0,0,0,0,0,0
1707,5,8,2,0,0,0,0,0,0,0,0,0,0,0,0
1708,5,9,1,0,0,0,0,0,0,0,0,0,0,0,0
1709,5,8,1,0,0,0,0,0,0,0,0,0,0,0,0
1710,5,8,1,0,0,0,0,0,0,0,0,0,0,0,0
1711,5,8,0,0,0,0,0,0,0,0,0,0,0,0,0
1712,5,7,0,0,0,0,0,0,0,0,0,0,0,0,0
1713,5,7,0,0,0,0,0,0,0,0,0,0,0,0,0
1714,5,6,0,0,0,0,0,0,0,0,0,0,0,0,0
1715,5,6,0,0,0,0,0,0,0,0,0,0,0,0,0
1716,5,5,0,0,0,0,0,0,0,0,0,0,0,0,0
1717,5,5,0,0,0,0,0,0,0,0,0,0,0,0,0
1725,5,8,5,0,0,0,0,0,0,0,0,0,0,0,0
1726,5,8,6,0,0,0,0,0,0,0,0,0,0,0,0
1727,5,8,6,0,0,0,0,0,0,0,0,0,0,0,0
1728,5,7,7,0,0,0,0,0,0,0,0,0,0,0,0
1729,5,7,6,0,0,0,0,0,0,0,0,0,0,0,0
1730,5,6,6,0,0,0,0,0,0,0,0,0,0,0,0
1732,5,5,5,0,0,0,0,0,0,0,0,0,0,0,0
1733,5,5,5,0,0,0,0,0,0,0,0,0,0,0,0
1734,5,5,4,0,0,0,0,0,0,0,0,0,0,0,0
1735,5,5,4,0,0,0,0,0,0,0,0,0,0,0,0
1737,5,5,3,0,0,0,0,0,0,0,0,0,0,0,0
1738,5,5,3,0,0,0,0,0,0,0,0,0,0,0,0
1739,5,6,3,0,0,0,0,0,0,0,0,0,0,0,0
1740,5,7,3,0,0,0,0,0,0,0,0,0,0,0,0
1742,5,8,3,0,0,0,0,0,0,0,0,0,0,0,0
1744,5,8,4,0,0,0,0,0,0,0,0,0,0,0,0
1745,5,8,4,0,0,0,0,0,0,0,0,0,0,0,0
1746,5,8,5,0,0,0,0,0,0,0,0,0,0,0,0
1748,5,8,5,0,0,0,0,0,0,0,0,0,0,0,0
1750,5,8,5,0,0,0,0,0,0,0,0,0,0,0,0
1751,5,7,5,0,0,0,0,0,0,0,0,0,0,0,0
1752,5,7,6,0,0,0,0,0,0,0,0,0,0,0,0
1753,5,7,6,0,0,0,0,0,0,0,0,0,0,0,0
1754,5,8,6,0,0,0,0,0,0,0,0,0,0,0,0
1762,5,6,2,0,0,0,0,0,0,0,0,0,0,0,0
1763,5,6,2,0,0,0,0,0,0,0,0,0,0,0,0
1764,5,5,1,0,0,0,0,0,0,0,0,0,0,0,0
1765,5,5,1,0,0,0,0,0,0,0,0,0,0,0,0
1766,5,5,1,0,0,0,0,0,0,0,0,0,0,0,0
1767,5,5,1,0,0,0,0,0,0,0,0,0,0,0,0
1769,5,5,1,0,0,0,0,0,0,0,0,0,0,0,0
1771,5,5,2,0,0,0,0,0,0,0,0,0,0,0,0
1773,5,5,2,0,0,0,0,0,0,0,0,0,0,0,0
1774,5,5,3,0,0,0,0,0,0,0,0,0,0,0,0
1775,5,5,3,0,0,0,0,0,0,0,0,0,0,0,0
1777,5,5,3,0,0,0,0,0,0,0,0,0,0,0,0
1780,5,6,3,0,0,0,0,0,0,0,0,0,0,0,0
1782,5,6,3,0,0,0,0,0,0,0,0,0,0,0,0
1783,5,5,3,0,0,0,0,0,0,0,0,0,0,0,0
1784,5,5,3,0,0,0,0,0,0,0,0,0,0,0,0
1785,5,5,2,0,0,0,0,0,0,0,0,0,0,0,0
1786,5,5,2,0,0,0,0,0,0,0,0,0,0,0,0
1787,5,5,2,0,0,0,0,0,0,0,0,0,0,0,0
1788,5,6,2,0,0,0,0,0,0,0,0,0,0,0,0
1789,5,7,2,0,0,0,0,0,0,0,0,0,0,0,0
1790,5,7,2,0,0,0,0,0,0,0,0,0,0,0,0
1791,5,8,2,0,0,0,0,0,0,0,0,0,0,0,0
1792,5,8,1,0,0,0,0,0,0,0,0,0,0,0,0
1809,5,5,1,0,0,0,0,0,0,0,0,0,0,0,0
1811,5,5,2,0,0,0,0,0,0,0,0,0,0,0,0
1812,5,6,2,0,0,0,0,0,0,0,0,0,0,0,0
1814,5,6,2,0,0,0,0,0,0,0,0,0,0,0,0
1816,5,6,2,0,0,0,0,0,0,0,0,0,0,0,0
1818,5,6,2,0,0,0,0,0,0,0,0,0,0,0,0
1820,5,7,2,0,0,0,0,0,0,0,0,0,0,0,0
1821,5,7,2,0,0,0,0,0,0,0,0,0,0,0,0
1822,5,8,2,0,0,0,0,0,0,0,0,0,0,0,0
1824,5,8,2,0,0,0,0,0,0,0,0,0,0,0,0
1825,5,9,1,0,0,0,0,0,0,0,0,0,0,0,0
1826,5,9,1,0,0,0,0,0,0,0,0,0,0,0,0
1828,5,9,1,0,0,0,0,0,0,0,0,0,0,0,0
1829,5,9,1,0,0,0,0,0,0,0,0,0,0,0,0
1830,5,8,2,0,0,0,0,0,0,0,0,0,0,0,0
1831,5,8,2,0,0,0,0,0,0,0,0,0,0,0,0
1832,5,7,3,0,0,0,0,0,0,0,0,0,0,0,0
1833,5,7,4,0,0,0,0,0,0,0,0,0,0,0,0
1834,5,7,5,0,0,0,0,0,0,0,0,0,0,0,0
1835,5,6,6,0,0,0,0,0,0,0,0,0,0,0,0
1836,5,6,7,0,0,0,0,0,0,0,0,0,0,0,0
1837,5,6,7,0,0,0,0,0,0,0,0,0,0,0,0
1838,5,7,7,0,0,0,0,0,0,0,0,0,0,0,0
1839,5,7,7,0,0,0,0,0,0,0,0,0,0,0,0
1847,5,7,4,0,0,0,0,0,0,0,0,0,0,0,0
1848,5,7,3,0,0,0,0,0,0,0,0,0,0,0,0
1849,5,6,3,0,0,0,0,0,0,0,0,0,0,0,0
1850,5,6,2,0,0,0,0,0,0,0,0,0,0,0,0
1851,5,6,2,0,0,0,0,0,0,0,0,0,0,0,0
1853,5,6,2,0,0,0,0,0,0,0,0,0,0,0,0
1855,5,6,2,0,0,0,0,0,0,0,0,0,0,0,0
1856,5,7,2,0,0,0,0,0,0,0,0,0,0,0,0
1857,5,7,3,0,0,0,0,0,0,0,0,0,0,0,0
1858,5,7,3,0,0,0,0,0,0,0,0,0,0,0,0
1860,5,7,3,0,0,0,0,0,0,0,0,0,0,0,0
1861,5,7,4,0,0,0,0,0,0,0,0,0,0,0,0
1862,5,7,4,0,0,0,0,0,0,0,0,0,0,0,0
1863,5,7,4,0,0,0,0,0,0,0,0,0,0,0,0
1864,5,7,4,0,0,0,0,0,0,0,0,0,0,0,0
1865,5,7,4,0,0,0,0,0,0,0,0,0,0,0,0
1866,5,6,4,0,0,0,0,0,0,0,0,0,0,0,0
1867,5,6,3,0,0,0,0,0,0,0,0,0,0,0,0
1869,5,6,3,0,0,0,0,0,0,0,0,0,0,0,0
1870,5,6,3,0,0,0,0,0,0,0,0,0,0,0,0
1871,5,7,3,0,0,0,0,0,0,0,0,0,0,0,0
1872,5,7,2,0,0,0,0,0,0,0,0,0,0,0,0
1873,5,8,2,0,0,0,0,0,0,0,0,0,0,0,0
1874,5,9,2,0,0,0,0,0,0,0,0,0,0,0,0
1881,5,7,1,0,0,0,0,0,0,0,0,0,0,0,0
1882,5,7,1,0,0,0,0,0,0,0,0,0,0,0,0
1883,5,6,1,0,0,0,0,0,0,0,0,0,0,0,0
1884,5,6,1,0,0,0,0,0,0,0,0,0,0,0,0
1886,5,6,1,0,0,0,0,0,0,0,0,0,0,0,0
1888,5,6,1,0,0,0,0,0,0,0,0,0,0,0,0
1890,5,6,1,0,0,0,0,0,0,0,0,0,0,0,0
1892,5,6,1,0,0,0,0,0,0,0,0,0,0,0,0
1893,5,6,1,0,0,0,0,0,0,0,0,0,0,0,0
1894,5,6,0,0,0,0,0,0,0,0,0,0,0,0,0
1895,5,6,0,0,0,0,0,0,0,0,0,0,0,0,0
1896,5,6,0,0,0,0,0,0,0,0,0,0,0,0,0
1898,5,6,0,0,0,0,0,0,0,0,0,0,0,0,0
1899,5,6,0,0,0,0,0,0,0,0,0,0,0,0,0
1900,5,6,0,0,0,0,0,0,0,0,0,0,0,0,0
1901,5,5,0,0,0,0,0,0,0,0,0,0,0,0,0
1902,5,5,0,0,0,0,0,0,0,0,0,0,0,0,0
1903,5,5,0,0,0,0,0,0,0,0,0,0,0,0,0
1904,5,5,0,0,0,0,0,0,0,0,0,0,0,0,0
1905,5,5,0,0,0,0,0,0,0,0,0,0,0,0,0
1906,5,6,0,0,0,0,0,0,0,0,0,0,0,0,0
1907,5,7,0,0,0,0,0,0,0,0,0,0,0,0,0
1908,5,7,0,0,0,0,0,0,0,0,0,0,0,0,0
1909,5,8,1,0,0,0,0,0,0,0,0,0,0,0,0
1916,5,6,5,0,0,0,0,0,0,0,0,0,0,0,0
1917,5,5,5,0,0,0,0,0,0,0,0,0,0,0,0
1918,5,5,5,0,0,0,0,0,0,0,0,0,0,0,0
1919,5,4,5,0,0,0,0,0,0,0,0,0,0,0,0
1920,5,5,5,0,0,0,0,0,0,0,0,0,0,0,0
1921,5,5,5,0,0,0,0,0,0,0,0,0,0,0,0
1923,5,5,5,0,0,0,0,0,0,0,0,0,0,0,0
1925,5,5,5,0,0,0,0,0,0,0,0,0,0,0,0
1926,5,5,4,0,0,0,0,0,0,0,0,0,0,0,0
1927,5,5,3,0,0,0,0,0,0,0,0,0,0,0,0
1928,5,5,3,0,0,0,0,0,0,0,0,0,0,0,0
1929,5,5,2,0,0,0,0,0,0,0,0,0,0,0,0
1931,5,5,2,0,0,0,0,0,0,0,0,0,0,0,0
1933,5,5,2,0,0,0,0,0,0,0,0,0,0,0,0
1934,5,4,2,0,0,0,0,0,0,0,0,0,0,0,0
1935,5,5,2,0,0,0,0,0,0,0,0,0,0,0,0
1936,5,5,2,0,0,0,0,0,0,0,0,0,0,0,0
1937,5,5,3,0,0,0,0,0,0,0,0,0,0,0,0
1938,5,5,3,0,0,0,0,0,0,0,0,0,0,0,0
1939,5,5,3,0,0,0,0,0,0,0,0,0,0,0,0
1940,5,6,2,0,0,0,0,0,0,0,0,0,0,0,0
1941,5,6,3,0,0,0,0,0,0,0,0,0,0,0,0
1942,5,6,3,0,0,0,0,0,0,0,0,0,0,0,0
1943,5,6,3,0,0,0,0,0,0,0,0,0,0,0,0
1951,5,5,3,0,0,0,0,0,0,0,0,0,0,0,0
1952,5,5,3,0,0,0,0,0,0,0,0,0,0,0,0
1953,5,5,2,0,0,0,0,0,0,0,0,0,0,0,0
1954,5,5,2,0,0,0,0,0,0,0,0,0,0,0,0
1955,5,5,2,0,0,0,0,0,0,0,0,0,0,0,0
1956,5,6,2,0,0,0,0,0,0,0,0,0,0,0,0
1958,5,6,2,0,0,0,0,0,0,0,0,0,0,0,0
1959,5,6,2,0,0,0,0,0,0,0,0,0,0,0,0
1960,5,6,2,0,0,0,0,0,0,0,0,0,0,0,0
1961,5,6,2,0,0,0,0,0,0,0,0,0,0,0,0
1962,5,7,3,0,0,0,0,0,0,0,0,0,0,0,0
1963,5,7,3,0,0,0,0,0,0,0,0,0,0,0,0
1965,5,7,3,0,0,0,0,0,0,0,0,0,0,0,0
1966,5,7,3,0,0,0,0,0,0,0,0,0,0,0,0
1968,5,7,3,0,0,0,0,0,0,0,0,0,0,0,0
1970,5,7,3,0,0,0,0,0,0,0,0,0,0,0,0
1972,5,7,3,0,0,0,0,0,0,0,0,0,0,0,0
1973,5,8,3,0,0,0,0,0,0,0,0,0,0,0,0
1975,5,8,3,0,0,0,0,0,0,0,0,0,0,0,0
1976,5,8,3,0,0,0,0,0,0,0,0,0,0,0,0
1977,5,8,3,0,0,0,0,0,0,0,0,0,0,0,0
1978,5,8,3,0,0,0,0,0,0,0,0,0,0,0,0
1979,5,8,2,0,0,0,0,0,0,0,0,0,0,0,0
1980,5,7,2,0,0,0,0,0,0,0,0,0,0,0,0
1994,5,7,4,0,0,0,0,0,0,0,0,0,0,0,0
1996,5,7,4,0,0,0,0,0,0,0,0,0,0,0,0
1998,5,7,4,0,0,0,0,0,0,0,0,0,0,0,0
1999,5,7,4,0,0,0,0,0,0,0,0,0,0,0,0
2000,5,7,4,0,0,0,0,0,0,0,0,0,0,0,0
2001,5,7,3,0,0,0,0,0,0,0,0,0,0,0,0
2003,5,7,3,0,0,0,0,0,0,0,0,0,0,0,0
2005,5,7,2,0,0,0,0,0,0,0,0,0,0,0,0
2007,5,8,2,0,0,0,0,0,0,0,0,0,0,0,0
2008,5,8,1,0,0,0,0,0,0,0,0,0,0,0,0
2009,5,8,1,0,0,0,0,0,0,0,0,0,0,0,0
2010,5,7,1,0,0,0,0,0,0,0,0,0,0,0,0
2012,5,7,0,0,0,0,0,0,0,0,0,0,0,0,0
2013,5,6,0,0,0,0,0,0,0,0,0,0,0,0,0
2014,5,6,0,0,0,0,0,0,0,0,0,0,0,0,0
2015,5,5,0,0,0,0,0,0,0,0,0,0,0,0,0
2016,5,5,0,0,0,0,0,0,0,0,0,0,0,0,0
2017,5,5,0,0,0,0,0,0,0,0,0,0,0,0,0
2018,5,5,0,0,0,0,0,0,0,0,0,0,0,0,0
2019,5,5,0,0,0,0,0,0,0,0,0,0,0,0,0
2020,5,5,1,0,0,0,0,0,0,0,0,0,0,0,0
2021,5,5,1,0,0,0,0,0,0,0,0,0,0,0,0
2022,5,6,2,0,0,0,0,0,0,0,0,0,0,0,0
2023,5,7,3,0,0,0,0,0,0,0,0,0,0,0,0
2031,5,8,6,0,0,0,0,0,0,0,0,0,0,0,0
2032,5,8,5,0,0,0,0,0,0,0,0,0,0,0,0
2033,5,7,5,0,0,0,0,0,0,0,0,0,0,0,0
2034,5,7,4,0,0,0,0,0,0,0,0,0,0,0,0
2035,5,6,3,0,0,0,0,0,0,0,0,0,0,0,0
2036,5,6,3,0,0,0,0,0,0,0,0,0,0,0,0
2038,5,6,3,0,0,0,0,0,0,0,0,0,0,0,0
2040,5,7,2,0,0,0,0,0,0,0,0,0,0,0,0
2041,5,7,2,0,0,0,0,0,0,0,0,0,0,0,0
2042,5,7,2,0,0,0,0,0,0,0,0,0,0,0,0
2043,5,8,1,0,0,0,0,0,0,0,0,0,0,0,0
2045,5,8,1,0,0,0,0,0,0,0,0,0,0,0,0
2046,5,8,2,0,0,0,0,0,0,0,0,0,0,0,0
2047,5,7,2,0,0,0,0,0,0,0,0,0,0,0,0
2049,5,7,2,0,0,0,0,0,0,0,0,0,0,0,0
2050,5,6,2,0,0,0,0,0,0,0,0,0,0,0,0
2051,5,6,3,0,0,0,0,0,0,0,0,0,0,0,0
2052,5,5,3,0,0,0,0,0,0,0,0,0,0,0,0
2053,5,4,4,0,0,0,0,0,0,0,0,0,0,0,0
2054,5,4,4,0,0,0,0,0,0,0,0,0,0,0,0
2055,5,4,5,0,0,0,0,0,0,0,0,0,0,0,0
2056,5,5,5,0,0,0,0,0,0,0,0,0,0,0,0
2057,5,6,5,0,0,0,0,0,0,0,0,0,0,0,0
2058,5,7,5,0,0,0,0,0,0,0,0,0,0,0,0
2073,5,6,1,0,0,0,0,0,0,0,0,0,0,0,0
2075,5,6,2,0,0,0,0,0,0,0,0,0,0,0,0
2076,5,6,2,0,0,0,0,0,0,0,0,0,0,0,0
2077,5,6,2,0,0,0,0,0,0,0,0,0,0,0,0
2078,5,6,2,0,0,0,0,0,0,0,0,0,0,0,0
2080,5,6,3,0,0,0,0,0,0,0,0,0,0,0,0
2083,5,6,3,0,0,0,0,0,0,0,0,0,0,0,0
2085,5,6,2,0,0,0,0,0,0,0,0,0,0,0,0
2086,5,6,2,0,0,0,0,0,0,0,0,0,0,0,0
2087,5,6,2,0,0,0,0,0,0,0,0,0,0,0,0
2088,5,6,2,0,0,0,0,0,0,0,0,0,0,0,0
2089,5,7,2,0,0,0,0,0,0,0,0,0,0,0,0
2090,5,7,2,0,0,0,0,0,0,0,0,0,0,0,0
2091,5,8,2,0,0,0,0,0,0,0,0,0,0,0,0
2092,5,8,2,0,0,0,0,0,0,0,0,0,0,0,0
2093,5,9,1,0,0,0,0,0,0,0,0,0,0,0,0
2094,5,9,1,0,0,0,0,0,0,0,0,0,0,0,0
2095,5,9,1,0,0,0,0,0,0,0,0,0,0,0,0
2096,5,8,1,0,0,0,0,0,0,0,0,0,0,0,0
2097,5,8,1,0,0,0,0,0,0,0,0,0,0,0,0
2098,5,8,1,0,0,0,0,0,0,0,0,0,0,0,0
2099,5,7,1,0,0,0,0,0,0,0,0,0,0,0,0
2100,5,7,1,0,0,0,0,0,0,0,0,0,0,0,0
2101,5,7,1,0,0,0,0,0,0,0,0,0,0,0,0
2108,5,8,7,0,0,0,0,0,0,0,0,0,0,0,0
2109,5,8,7,0,0,0,0,0,0,0,0,0,0,0,0
2110,5,9,7,0,0,0,0,0,0,0,0,0,0,0,0
2112,5,9,7,0,0,0,0,0,0,0,0,0,0,0,0
2114,5,8,7,0,0,0,0,0,0,0,0,0,0,0,0
2116,5,8,6,0,0,0,0,0,0,0,0,0,0,0,0
2118,5,7,5,0,0,0,0,0,0,0,0,0,0,0,0
2120,5,7,4,0,0,0,0,0,0,0,0,0,0,0,0
2121,5,7,4,0,0,0,0,0,0,0,0,0,0,0,0
2123,5,7,3,0,0,0,0,0,0,0,0,0,0,0,0
2124,5,6,2,0,0,0,0,0,0,0,0,0,0,0,0
2126,5,6,2,0,0,0,0,0,0,0,0,0,0,0,0
2128,5,5,2,0,0,0,0,0,0,0,0,0,0,0,0
2129,5,5,2,0,0,0,0,0,0,0,0,0,0,0,0
2130,5,5,1,0,0,0,0,0,0,0,0,0,0,0,0
2131,5,4,1,0,0,0,0,0,0,0,0,0,0,0,0
2132,5,4,1,0,0,0,0,0,0,0,0,0,0,0,0
2133,5,4,1,0,0,0,0,0,0,0,0,0,0,0,0
2134,5,4,1,0,0,0,0,0,0,0,0,0,0,0,0
2135,5,4,1,0,0,0,0,0,0,0,0,0,0,0,0
2136,5,4,2,0,0,0,0,0,0,0,0,0,0,0,0
2137,5,4,2,0,0,0,0,0,0,0,0,0,0,0,0
2138,5,5,3,0,0,0,0,0,0,0,0,0,0,0,0
2139,5,5,3,0,0,0,0,0,0,0,0,0,0,0,0
2147,5,8,3,0,0,0,0,0,0,0,0,0,0,0,0
2148,5,8,3,0,0,0,0,0,0,0,0,0,0,0,0
2149,5,7,2,0,0,0,0,0,0,0,0,0,0,0,0
2150,5,7,2,0,0,0,0,0,0,0,0,0,0,0,0
2152,5,7,2,0,0,0,0,0,0,0,0,0,0,0,0
2153,5,7,2,0,0,0,0,0,0,0,0,0,0,0,0
2155,5,7,3,0,0,0,0,0,0,0,0,0,0,0,0
2157,5,7,3,0,0,0,0,0,0,0,0,0,0,0,0
2158,5,8,4,0,0,0,0,0,0,0,0,0,0,0,0
2159,5,9,4,0,0,0,0,0,0,0,0,0,0,0,0
2161,5,9,4,0,0,0,0,0,0,0,0,0,0,0,0
2163,5,8,4,0,0,0,0,0,0,0,0,0,0,0,0
2164,5,8,3,0,0,0,0,0,0,0,0,0,0,0,0
2165,5,8,3,0,0,0,0,0,0,0,0,0,0,0,0
2166,5,7,3,0,0,0,0,0,0,0,0,0,0,0,0
2167,5,7,3,0,0,0,0,0,0,0,0,0,0,0,0
2168,5,6,3,0,0,0,0,0,0,0,0,0,0,0,0
2169,5,6,2,0,0,0,0,0,0,0,0,0,0,0,0
2170,5,6,2,0,0,0,0,0,0,0,0,0,0,0,0
2171,5,6,2,0,0,0,0,0,0,0,0,0,0,0,0
2173,5,6,2,0,0,0,0,0,0,0,0,0,0,0,0
2174,5,6,2,0,0,0,0,0,0,0,0,0,0,0,0
2175,5,6,2,0,0,0,0,0,0,0,0,0,0,0,0
2176,5,7,2,0,0,0,0,0,0,0,0,0,0,0,0
2192,5,7,3,0,0,0,0,0,0,0,0,0,0,0,0
2194,5,7,3,0,0,0,0,0,0,0,0,0,0,0,0
2195,5,7,3,0,0,0,0,0,0,0,0,0,0,0,0
2196,5,7,2,0,0,0,0,0,0,0,0,0,0,0,0
2197,5,6,2,0,0,0,0,0,0,0,0,0,0,0,0
2198,5,6,1,0,0,0,0,0,0,0,0,0,0,0,0
2200,5,6,1,0,0,0,0,0,0,0,0,0,0,0,0
2202,5,6,1,0,0,0,0,0,0,0,0,0,0,0,0
2204,5,6,1,0,0,0,0,0,0,0,0,0,0,0,0
2205,5,5,1,0,0,0,0,0,0,0,0,0,0,0,0
2206,5,5,1,0,0,0,0,0,0,0,0,0,0,0,0
2207,5,5,1,0,0,0,0,0,0,0,0,0,0,0,0
2209,5,5,1,0,0,0,0,0,0,0,0,0,0,0,0
2210,5,5,1,0,0,0,0,0,0,0,0,0,0,0,0
2211,5,5,0,0,0,0,0,0,0,0,0,0,0,0,0
2212,5,5,0,0,0,0,0,0,0,0,0,0,0,0,0
2213,5,5,0,0,0,0,0,0,0,0,0,0,0,0,0
2214,5,5,1,0,0,0,0,0,0,0,0,0,0,0,0
2216,5,5,2,0,0,0,0,0,0,0,0,0,0,0,0
2217,5,5,2,0,0,0,0,0,0,0,0,0,0,0,0
2218,5,5,3,0,0,0,0,0,0,0,0,0,0,0,0
2219,5,5,4,0,0,0,0,0,0,0,0,0,0,0,0
2220,5,5,4,0,0,0,0,0,0,0,0,0,0,0,0
2221,5,5,5,0,0,0,0,0,0,0,0,0,0,0,0
2229,5,9,3,0,0,0,0,0,0,0,0,0,0,0,0
2230,5,8,2,0,0,0,0,0,0,0,0,0,0,0,0
2231,5,8,2,0,0,0,0,0,0,0,0,0,0,0,0
2232,5,8,1,0,0,0,0,0,0,0,0,0,0,0,0
2235,5,8,1,0,0,0,0,0,0,0,0,0,0,0,0
2236,5,8,0,0,0,0,0,0,0,0,0,0,0,0,0
2238,5,8,0,0,0,0,0,0,0,0,0,0,0,0,0
2240,5,9,1,0,0,0,0,0,0,0,0,0,0,0,0
2241,5,9,1,0,0,0,0,0,0,0,0,0,0,0,0
2242,5,10,2,0,0,0,0,0,0,0,0,0,0,0,0
2244,5,10,3,0,0,0,0,0,0,0,0,0,0,0,0
2245,5,10,4,0,0,0,0,0,0,0,0,0,0,0,0
2246,5,10,4,0,0,0,0,0,0,0,0,0,0,0,0
2247,5,9,4,0,0,0,0,0,0,0,0,0,0,0,0
2248,5,8,4,0,0,0,0,0,0,0,0,0,0,0,0
2249,5,8,4,0,0,0,0,0,0,0,0,0,0,0,0
2250,5,7,3,0,0,0,0,0,0,0,0,0,0,0,0
2251,5,7,3,0,0,0,0,0,0,0,0,0,0,0,0
2253,5,6,3,0,0,0,0,0,0,0,0,0,0,0,0
2254,5,6,3,0,0,0,0,0,0,0,0,0,0,0,0
2255,5,6,2,0,0,0,0,0,0,0,0,0,0,0,0
2256,5,6,2,0,0,0,0,0,0,0,0,0,0,0,0
2257,5,7,2,0,0,0,0,0,0,0,0,0,0,0,0
2258,5,7,2,0,0,0,0,0,0,0,0,0,0,0,0
2266,5,8,1,0,0,0,0,0,0,0,0,0,0,0,0
2267,5,8,1,0,0,0,0,0,0,0,0,0,0,0,0
2268,5,7,1,0,0,0,0,0,0,0,0,0,0,0,0
2269,5,7,1,0,0,0,0,0,0,0,0,0,0,0,0
2270,5,6,2,0,0,0,0,0,0,0,0,0,0,0,0
2271,5,7,2,0,0,0,0,0,0,0,0,0,0,0,0
2273,5,7,2,0,0,0,0,0,0,0,0,0,0,0,0
2275,5,7,2,0,0,0,0,0,0,0,0,0,0,0,0
2276,5,7,1,0,0,0,0,0,0,0,0,0,0,0,0
2278,5,7,1,0,0,0,0,0,0,0,0,0,0,0,0
2279,5,7,1,0,0,0,0,0,0,0,0,0,0,0,0
2280,5,6,1,0,0,0,0,0,0,0,0,0,0,0,0
2282,5,6,1,0,0,0,0,0,0,0,0,0,0,0,0
2283,5,5,1,0,0,0,0,0,0,0,0,0,0,0,0
2284,5,5,1,0,0,0,0,0,0,0,0,0,0,0,0
2285,5,4,1,0,0,0,0,0,0,0,0,0,0,0,0
2286,5,4,1,0,0,0,0,0,0,0,0,0,0,0,0
2287,5,4,1,0,0,0,0,0,0,0,0,0,0,0,0
2288,5,3,1,0,0,0,0,0,0,0,0,0,0,0,0
2289,5,3,1,0,0,0,0,0,0,0,0,0,0,0,0
2290,5,4,1,0,0,0,0,0,0,0,0,0,0,0,0
2291,5,4,2,0,0,0,0,0,0,0,0,0,0,0,0
2292,5,5,2,0,0,0,0,0,0,0,0,0,0,0,0
2293,5,5,2,0,0,0,0,0,0,0,0,0,0,0,0
2309,5,5,3,0,0,0,0,0,0,0,0,0,0,0,0
2311,5,6,3,0,0,0,0,0,0,0,0,0,0,0,0
2312,5,6,2,0,0,0,0,0,0,0,0,0,0,0,0
2313,5,6,2,0,0,0,0,0,0,0,0,0,0,0,0
2315,5,7,2,0,0,0,0,0,0,0,0,0,0,0,0
2316,5,6,2,0,0,0,0,0,0,0,0,0,0,0,0
2318,5,6,2,0,0,0,0,0,0,0,0,0,0,0,0
2320,5,6,2,0,0,0,0,0,0,0,0,0,0,0,0
2321,5,6,1,0,0,0,0,0,0,0,0,0,0,0,0
2322,5,6,1,0,0,0,0,0,0,0,0,0,0,0,0
2323,5,6,2,0,0,0,0,0,0,0,0,0,0,0,0
2324,5,6,2,0,0,0,0,0,0,0,0,0,0,0,0
2326,5,6,3,0,0,0,0,0,0,0,0,0,0,0,0
2327,5,7,4,0,0,0,0,0,0,0,0,0,0,0,0
2328,5,7,4,0,0,0,0,0,0,0,0,0,0,0,0
2329,5,8,5,0,0,0,0,0,0,0,0,0,0,0,0
2330,5,8,5,0,0,0,0,0,0,0,0,0,0,0,0
2331,5,8,5,0,0,0,0,0,0,0,0,0,0,0,0
2332,5,7,5,0,0,0,0,0,0,0,0,0,0,0,0
2333,5,7,4,0,0,0,0,0,0,0,0,0,0,0,0
2334,5,7,4,0,0,0,0,0,0,0,0,0,0,0,0
2335,5,6,4,0,0,0,0,0,0,0,0,0,0,0,0
2336,5,6,3,0,0,0,0,0,0,0,0,0,0,0,0
2337,5,5,3,0,0,0,0,0,0,0,0,0,0,0,0
2344,5,7,1,0,0,0,0,0,0,0,0,0,0,0,0
2345,5,8,1,0,0,0,0,0,0,0,0,0,0,0,0
2346,5,8,1,0,0,0,0,0,0,0,0,0,0,0,0
2347,5,9,1,0,0,0,0,0,0,0,0,0,0,0,0
2348,5,8,1,0,0,0,0,0,0,0,0,0,0,0,0
2349,5,8,1,0,0,0,0,0,0,0,0,0,0,0,0
2351,5,7,1,0,0,0,0,0,0,0,0,0,0,0,0
2353,5,7,1,0,0,0,0,0,0,0,0,0,0,0,0
2355,5,6,1,0,0,0,0,0,0,0,0,0,0,0,0
2357,5,6,1,0,0,0,0,0,0,0,0,0,0,0,0
2358,5,6,2,0,0,0,0,0,0,0,0,0,0,0,0
2359,5,7,2,0,0,0,0,0,0,0,0,0,0,0,0
2361,5,8,2,0,0,0,0,0,0,0,0,0,0,0,0
2362,5,8,2,0,0,0,0,0,0,0,0,0,0,0,0
2363,5,8,2,0,0,0,0,0,0,0,0,0,0,0,0
2364,5,8,1,0,0,0,0,0,0,0,0,0,0,0,0
2365,5,7,1,0,0,0,0,0,0,0,0,0,0,0,0
2366,5,7,1,0,0,0,0,0,0,0,0,0,0,0,0
2367,5,7,1,0,0,0,0,0,0,0,0,0,0,0,0
2368,5,6,1,0,0,0,0,0,0,0,0,0,0,0,0
2369,5,6,1,0,0,0,0,0,0,0,0,0,0,0,0
2370,5,6,1,0,0,0,0,0,0,0,0,0,0,0,0
2371,5,5,1,0,0,0,0,0,0,0,0,0,0,0,0
2372,5,5,1,0,0,0,0,0,0,0,0,0,0,0,0
2380,5,9,2,0,0,0,0,0,0,0,0,0,0,0,0
2381,5,8,3,0,0,0,0,0,0,0,0,0,0,0,0
2382,5,8,3,0,0,0,0,0,0,0,0,0,0,0,0
2383,5,8,4,0,0,0,0,0,0,0,0,0,0,0,0
2384,5,7,4,0,0,0,0,0,0,0,0,0,0,0,0
2387,5,7,4,0,0,0,0,0,0,0,0,0,0,0,0
2389,5,6,4,0,0,0,0,0,0,0,0,0,0,0,0
2390,5,6,3,0,0,0,0,0,0,0,0,0,0,0,0
2392,5,6,3,0,0,0,0,0,0,0,0,0,0,0,0
2393,5,6,2,0,0,0,0,0,0,0,0,0,0,0,0
2395,5,6,2,0,0,0,0,0,0,0,0,0,0,0,0
2397,5,7,1,0,0,0,0,0,0,0,0,0,0,0,0
2399,5,6,1,0,0,0,0,0,0,0,0,0,0,0,0
2401,5,6,1,0,0,0,0,0,0,0,0,0,0,0,0
2402,5,6,0,0,0,0,0,0,0,0,0,0,0,0,0
2403,5,6,0,0,0,0,0,0,0,0,0,0,0,0,0
2404,5,5,1,0,0,0,0,0,0,0,0,0,0,0,0
2405,5,5,1,0,0,0,0,0,0,0,0,0,0,0,0
2407,5,5,2,0,0,0,0,0,0,0,0,0,0,0,0
2408,5,5,3,0,0,0,0,0,0,0,0,0,0,0,0
2409,5,6,4,0,0,0,0,0,0,0,0,0,0,0,0
2410,5,7,5,0,0,0,0,0,0,0,0,0,0,0,0
2411,5,8,5,0,0,0,0,0,0,0,0,0,0,0,0
2412,5,8,5,0,0,0,0,0,0,0,0,0,0,0,0
2419,5,5,2,0,0,0,0,0,0,0,0,0,0,0,0
2420,5,5,1,0,0,0,0,0,0,0,0,0,0,0,0
2421,5,4,1,0,0,0,0,0,0,0,0,0,0,0,0
2422,5,4,0,0,0,0,0,0,0,0,0,0,0,0,0
2423,5,4,0,0,0,0,0,0,0,0,0,0,0,0,0
2424,5,5,0,0,0,0,0,0,0,0,0,0,0,0,0
2426,5,5,0,0,0,0,0,0,0,0,0,0,0,0,0
2428,5,5,0,0,0,0,0,0,0,0,0,0,0,0,0
2429,5,5,0,0,0,0,0,0,0,0,0,0,0,0,0
2431,5,5,0,0,0,0,0,0,0,0,0,0,0,0,0
2432,5,6,1,0,0,0,0,0,0,0,0,0,0,0,0
2434,5,6,2,0,0,0,0,0,0,0,0,0,0,0,0
2436,5,6,2,0,0,0,0,0,0,0,0,0,0,0,0
2438,5,6,2,0,0,0,0,0,0,0,0,0,0,0,0
2439,5,7,2,0,0,0,0,0,0,0,0,0,0,0,0
2440,5,7,2,0,0,0,0,0,0,0,0,0,0,0,0
2441,5,7,3,0,0,0,0,0,0,0,0,0,0,0,0
2442,5,8,3,0,0,0,0,0,0,0,0,0,0,0,0
2443,5,8,3,0,0,0,0,0,0,0,0,0,0,0,0
2444,5,9,3,0,0,0,0,0,0,0,0,0,0,0,0
2445,5,9,2,0,0,0,0,0,0,0,0,0,0,0,0
2446,5,9,2,0,0,0,0,0,0,0,0,0,0,0,0
2448,5,9,2,0,0,0,0,0,0,0,0,0,0,0,0
2449,5,8,1,0,0,0,0,0,0,0,0,0,0,0,0
2457,5,5,1,0,0,0,0,0,0,0,0,0,0,0,0
2458,5,5,0,0,0,0,0,0,0,0,0,0,0,0,0
2459,5,5,0,0,0,0,0,0,0,0,0,0,0,0,0
2460,5,6,0,0,0,0,0,0,0,0,0,0,0,0,0
2462,5,7,0,0,0,0,0,0,0,0,0,0,0,0,0
2463,5,7,0,0,0,0,0,0,0,0,0,0,0,0,0
2465,5,7,0,0,0,0,0,0,0,0,0,0,0,0,0
2466,5,6,0,0,0,0,0,0,0,0,0,0,0,0,0
2467,5,6,0,0,0,0,0,0,0,0,0,0,0,0,0
2469,5,5,0,0,0,0,0,0,0,0,0,0,0,0,0
2470,5,5,0,0,0,0,0,0,0,0,0,0,0,0,0
2471,5,5,0,0,0,0,0,0,0,0,0,0,0,0,0
2472,5,5,1,0,0,0,0,0,0,0,0,0,0,0,0
2473,5,4,1,0,0,0,0,0,0,0,0,0,0,0,0
2474,5,4,1,0,0,0,0,0,0,0,0,0,0,0,0
2475,5,4,1,0,0,0,0,0,0,0,0,0,0,0,0
2476,5,5,1,0,0,0,0,0,0,0,0,0,0,0,0
2478,5,5,1,0,0,0,0,0,0,0,0,0,0,0,0
2480,5,6,2,0,0,0,0,0,0,0,0,0,0,0,0
2481,5,6,2,0,0,0,0,0,0,0,0,0,0,0,0
2482,5,6,2,0,0,0,0,0,0,0,0,0,0,0,0
2483,5,6,2,0,0,0,0,0,0,0,0,0,0,0,0
2484,5,6,2,0,0,0,0,0,0,0,0,0,0,0,0
2485,5,5,2,0,0,0,0,0,0,0,0,0,0,0,0
2493,5,6,6,0,0,0,0,0,0,0,0,0,0,0,0
2494,5,7,6,0,0,0,0,0,0,0,0,0,0,0,0
2495,5,7,6,0,0,0,0,0,0,0,0,0,0,0,0
2496,5,8,6,0,0,0,0,0,0,0,0,0,0,0,0
2497,5,8,5,0,0,0,0,0,0,0,0,0,0,0,0
2499,5,8,5,0,0,0,0,0,0,0,0,0,0,0,0
2501,5,8,4,0,0,0,0,0,0,0,0,0,0,0,0
2503,5,7,3,0,0,0,0,0,0,0,0,0,0,0,0
2504,5,7,2,0,0,0,0,0,0,0,0,0,0,0,0
2505,5,7,2,0,0,0,0,0,0,0,0,0,0,0,0
2506,5,7,1,0,0,0,0,0,0,0,0,0,0,0,0
2509,5,7,1,0,0,0,0,0,0,0,0,0,0,0,0
2511,5,7,1,0,0,0,0,0,0,0,0,0,0,0,0
2512,5,7,1,0,0,0,0,0,0,0,0,0,0,0,0
2513,6,7,1,0,0,0,0,0,0,0,0,0,0,0,0
2514,6,7,1,0,0,0,0,0,0,0,0,0,0,0,0
2515,6,7,1,0,0,0,0,0,0,0,0,0,0,0,0
2516,6,7,2,0,0,0,0,0,0,0,0,0,0,0,0
2518,5,6,3,0,0,0,0,0,0,0,0,0,0,0,0
2519,5,6,3,0,0,0,0,0,0,0,0,0,0,0,0
2520,5,5,4,0,0,0,0,0,0,0,0,0,0,0,0
2521,5,5,4,0,0,0,0,0,0,0,0,0,0,0,0
2522,5,4,4,0,0,0,0,0,0,0,0,0,0,0,0
2523,5,4,5,0,0,0,0,0,0,0,0,0,0,0,0
2530,5,8,3,0,0,0,0,0,0,0,0,0,0,0,0
2531,5,9,2,0,0,0,0,0,0,0,0,0,0,0,0
2532,5,9,2,0,0,0,0,0,0,0,0,0,0,0,0
2533,5,9,2,0,0,0,0,0,0,0,0,0,0,0,0
2534,5,8,2,0,0,0,0,0,0,0,0,0,0,0,0
2536,5,8,2,0,0,0,0,0,0,0,0,0,0,0,0
2538,5,7,2,0,0,0,0,0,0,0,0,0,0,0,0
2540,5,7,1,0,0,0,0,0,0,0,0,0,0,0,0
2542,5,7,1,0,0,0,0,0,0,0,0,0,0,0,0
2543,5,7,1,0,0,0,0,0,0,0,0,0,0,0,0
2545,5,8,1,0,0,0,0,0,0,0,0,0,0,0,0
2547,5,8,1,0,0,0,0,0,0,0,0,0,0,0,0
2549,5,8,1,0,0,0,0,0,0,0,0,0,0,0,0
2550,5,8,1,0,0,0,0,0,0,0,0,0,0,0,0
2551,5,7,1,0,0,0,0,0,0,0,0,0,0,0,0
2552,5,7,1,0,0,0,0,0,0,0,0,0,0,0,0
2553,5,7,1,0,0,0,0,0,0,0,0,0,0,0,0
2554,5,6,1,0,0,0,0,0,0,0,0,0,0,0,0
2555,5,6,1,0,0,0,0,0,0,0,0,0,0,0,0
2556,5,5,1,0,0,0,0,0,0,0,0,0,0,0,0
2557,5,5,1,0,0,0,0,0,0,0,0,0,0,0,0
2558,5,5,1,0,0,0,0,0,0,0,0,0,0,0,0
2559,5,5,1,0,0,0,0,0,0,0,0,0,0,0,0
2560,5,6,1,0,0,0,0,0,0,0,0,0,0,0,0
2568,5,7,1,0,0,0,0,0,0,0,0,0,0,0,0
2569,5,7,2,0,0,0,0,0,0,0,0,0,0,0,0
2570,5,8,3,0,0,0,0,0,0,0,0,0,0,0,0
2571,5,8,3,0,0,0,0,0,0,0,0,0,0,0,0
2572,5,8,3,0,0,0,0,0,0,0,0,0,0,0,0
2573,5,8,4,0,0,0,0,0,0,0,0,0,0,0,0
2574,5,8,4,0,0,0,0,0,0,0,0,0,0,0,0
2576,5,8,5,0,0,0,0,0,0,0,0,0,0,0,0
2577,5,8,4,0,0,0,0,0,0,0,0,0,0,0,0
2578,5,8,4,0,0,0,0,0,0,0,0,0,0,0,0
2580,5,8,4,0,0,0,0,0,0,0,0,0,0,0,0
2581,5,8,4,0,0,0,0,0,0,0,0,0,0,0,0
2582,5,8,3,0,0,0,0,0,0,0,0,0,0,0,0
2583,5,8,3,0,0,0,0,0,0,0,0,0,0,0,0
2585,5,7,3,0,0,0,0,0,0,0,0,0,0,0,0
2586,5,7,3,0,0,0,0,0,0,0,0,0,0,0,0
2588,5,7,2,0,0,0,0,0,0,0,0,0,0,0,0
2589,5,6,2,0,0,0,0,0,0,0,0,0,0,0,0
2590,5,6,2,0,0,0,0,0,0,0,0,0,0,0,0
2591,5,5,1,0,0,0,0,0,0,0,0,0,0,0,0
2592,5,5,1,0,0,0,0,0,0,0,0,0,0,0,0
2593,5,5,1,0,0,0,0,0,0,0,0,0,0,0,0
2594,5,6,1,0,0,0,0,0,0,0,0,0,0,0,0
2595,5,7,1,0,0,0,0,0,0,0,0,0,0,0,0
2612,5,6,1,0,0,0,0,0,0,0,0,0,0,0,0
2613,5,6,1,0,0,0,0,0,0,0,0,0,0,0,0
2614,5,6,0,0,0,0,0,0,0,0,0,0,0,0,0
2615,5,6,0,0,0,0,0,0,0,0,0,0,0,0,0
2616,5,5,0,0,0,0,0,0,0,0,0,0,0,0,0
2617,5,5,0,0,0,0,0,0,0,0,0,0,0,0,0
2618,5,5,0,0,0,0,0,0,0,0,0,0,0,0,0
2620,5,5,1,0,0,0,0,0,0,0,0,0,0,0,0
2622,5,5,2,0,0,0,0,0,0,0,0,0,0,0,0
2624,5,5,2,0,0,0,0,0,0,0,0,0,0,0,0
2625,5,6,2,0,0,0,0,0,0,0,0,0,0,0,0
2626,5,6,3,0,0,0,0,0,0,0,0,0,0,0,0
2627,5,7,3,0,0,0,0,0,0,0,0,0,0,0,0
2628,5,7,4,0,0,0,0,0,0,0,0,0,0,0,0
2630,5,8,4,0,0,0,0,0,0,0,0,0,0,0,0
2631,5,8,4,0,0,0,0,0,0,0,0,0,0,0,0
2632,5,9,4,0,0,0,0,0,0,0,0,0,0,0,0
2633,5,9,4,0,0,0,0,0,0,0,0,0,0,0,0
2634,5,8,4,0,0,0,0,0,0,0,0,0,0,0,0
2635,5,8,4,0,0,0,0,0,0,0,0,0,0,0,0
2636,5,7,4,0,0,0,0,0,0,0,0,0,0,0,0
2637,5,7,3,0,0,0,0,0,0,0,0,0,0,0,0
2638,5,6,3,0,0,0,0,0,0,0,0,0,0,0,0
2639,5,5,2,0,0,0,0,0,0,0,0,0,0,0,0
2646,5,7,2,0,0,0,0,0,0,0,0,0,0,0,0
2647,5,8,2,0,0,0,0,0,0,0,0,0,0,0,0
2648,5,8,2,0,0,0,0,0,0,0,0,0,0,0,0
2649,5,8,3,0,0,0,0,0,0,0,0,0,0,0,0
2650,5,8,3,0,0,0,0,0,0,0,0,0,0,0,0
2652,5,7,3,0,0,0,0,0,0,0,0,0,0,0,0
2654,5,7,3,0,0,0,0,0,0,0,0,0,0,0,0
2655,5,6,3,0,0,0,0,0,0,0,0,0,0,0,0
2656,5,5,3,0,0,0,0,0,0,0,0,0,0,0,0
2657,5,5,3,0,0,0,0,0,0,0,0,0,0,0,0
2658,5,5,2,0,0,0,0,0,0,0,0,0,0,0,0
2660,5,5,2,0,0,0,0,0,0,0,0,0,0,0,0
2661,5,6,2,0,0,0,0,0,0,0,0,0,0,0,0
2663,5,7,2,0,0,0,0,0,0,0,0,0,0,0,0
2664,5,7,2,0,0,0,0,0,0,0,0,0,0,0,0
2665,5,7,2,0,0,0,0,0,0,0,0,0,0,0,0
2667,5,7,1,0,0,0,0,0,0,0,0,0,0,0,0
2668,5,7,1,0,0,0,0,0,0,0,0,0,0,0,0
2670,5,7,1,0,0,0,0,0,0,0,0,0,0,0,0
2671,5,6,1,0,0,0,0,0,0,0,0,0,0,0,0
2672,5,6,1,0,0,0,0,0,0,0,0,0,0,0,0
2673,5,5,1,0,0,0,0,0,0,0,0,0,0,0,0
2674,5,5,1,0,0,0,0,0,0,0,0,0,0,0,0
2675,5,5,1,0,0,0,0,0,0,0,0,0,0,0,0
2690,5,6,5,0,0,0,0,0,0,0,0,0,0,0,0
2692,5,6,4,0,0,0,0,0,0,0,0,0,0,0,0
2694,5,6,4,0,0,0,0,0,0,0,0,0,0,0,0
2695,5,6,3,0,0,0,0,0,0,0,0,0,0,0,0
2696,5,6,3,0,0,0,0,0,0,0,0,0,0,0,0
2697,5,7,3,0,0,0,0,0,0,0,0,0,0,0,0
2699,5,7,2,0,0,0,0,0,0,0,0,0,0,0,0
2701,5,7,2,0,0,0,0,0,0,0,0,0,0,0,0
2703,5,7,2,0,0,0,0,0,0,0,0,0,0,0,0
2704,5,6,2,0,0,0,0,0,0,0,0,0,0,0,0
2705,5,6,2,0,0,0,0,0,0,0,0,0,0,0,0
2706,5,5,3,0,0,0,0,0,0,0,0,0,0,0,0
2708,5,5,3,0,0,0,0,0,0,0,0,0,0,0,0
2709,5,5,3,0,0,0,0,0,0,0,0,0,0,0,0
2710,5,5,3,0,0,0,0,0,0,0,0,0,0,0,0
2711,5,5,3,0,0,0,0,0,0,0,0,0,0,0,0
2712,5,6,3,0,0,0,0,0,0,0,0,0,0,0,0
2713,5,7,3,0,0,0,0,0,0,0,0,0,0,0,0
2727,5,8,1,0,0,0,0,0,0,0,0,0,0,0,0
2729,5,8,2,0,0,0,0,0,0,0,0,0,0,0,0
2731,5,8,3,0,0,0,0,0,0,0,0,0,0,0,0
2732,5,9,3,0,0,0,0,0,0,0,0,0,0,0,0
2733,5,9,4,0,0,0,0,0,0,0,0,0,0,0,0
2735,5,8,4,0,0,0,0,0,0,0,0,0,0,0,0
2737,5,8,4,0,0,0,0,0,0,0,0,0,0,0,0
2739,5,7,4,0,0,0,0,0,0,0,0,0,0,0,0
2741,5,7,3,0,0,0,0,0,0,0,0,0,0,0,0
2742,5,7,3,0,0,0,0,0,0,0,0,0,0,0,0
2743,5,7,3,0,0,0,0,0,0,0,0,0,0,0,0
2744,5,7,3,0,0,0,0,0,0,0,0,0,0,0,0
2745,5,7,3,0,0,0,0,0,0,0,0,0,0,0,0
2746,5,7,2,0,0,0,0,0,0,0,0,0,0,0,0
2747,5,7,2,0,0,0,0,0,0,0,0,0,0,0,0
2748,5,7,2,0,0,0,0,0,0,0,0,0,0,0,0
2749,5,7,1,0,0,0,0,0,0,0,0,0,0,0,0
2750,5,7,1,0,0,0,0,0,0,0,0,0,0,0,0
2752,5,6,1,0,0,0,0,0,0,0,0,0,0,0,0
2753,5,6,1,0,0,0,0,0,0,0,0,0,0,0,0
2754,5,6,1,0,0,0,0,0,0,0,0,0,0,0,0
2755,5,6,1,0,0,0,0,0,0,0,0,0,0,0,0
2756,5,5,1,0,0,0,0,0,0,0,0,0,0,0,0
2757,5,5,1,0,0,0,0,0,0,0,0,0,0,0,0
2758,5,5,1,0,0,0,0,0,0,0,0,0,0,0,0
2759,5,5,1,0,0,0,0,0,0,0,0,0,0,0,0
2760,5,5,1,0,0,0,0,0,0,0,0,0,0,0,0
2761,5,6,1,0,0,0,0,0,0,0,0,0,0,0,0
2762,5,6,1,0,0,0,0,0,0,0,0,0,0,0,0
2763,5,7,2,0,0,0,0,0,0,0,0,0,0,0,0
2765,5,8,3,0,0,0,0,0,0,0,0,0,0,0,0
2766,5,8,3,0,0,0,0,0,0,0,0,0,0,0,0
2767,5,8,3,0,0,0,0,0,0,0,0,0,0,0,0
2768,5,8,3,0,0,0,0,0,0,0,0,0,0,0,0
2769,5,7,3,0,0,0,0,0,0,0,0,0,0,0,0
2771,5,7,3,0,0,0,0,0,0,0,0,0,0,0,0
2773,5,6,3,0,0,0,0,0,0,0,0,0,0,0,0
2774,5,5,3,0,0,0,0,0,0,0,0,0,0,0,0
2775,5,5,3,0,0,0,0,0,0,0,0,0,0,0,0
2776,5,5,2,0,0,0,0,0,0,0,0,0,0,0,0
2777,5,5,2,0,0,0,0,0,0,0,0,0,0,0,0
2778,5,6,2,0,0,0,0,0,0,0,0,0,0,0,0
2779,5,6,1,0,0,0,0,0,0,0,0,0,0,0,0
2780,5,7,1,0,0,0,0,0,0,0,0,0,0,0,0
2781,5,7,1,0,0,0,0,0,0,0,0,0,0,0,0
2782,5,7,1,0,0,0,0,0,0,0,0,0,0,0,0
2783,5,7,1,0,0,0,0,0,0,0,0,0,0,0,0
2784,5,7,1,0,0,0,0,0,0,0,0,0,0,0,0
2791,5,5,4,0,0,0,0,0,0,0,0,0,0,0,0
2792,5,5,4,0,0,0,0,0,0,0,0,0,0,0,0
2793,5,5,5,0,0,0,0,0,0,0,0,0,0,0,0
2794,5,5,6,0,0,0,0,0,0,0,0,0,0,0,0
2796,5,5,6,0,0,0,0,0,0,0,0,0,0,0,0
2798,5,5,6,0,0,0,0,0,0,0,0,0,0,0,0
2800,5,5,5,0,0,0,0,0,0,0,0,0,0,0,0
2801,5,5,5,0,0,0,0,0,0,0,0,0,0,0,0
2802,5,4,4,0,0,0,0,0,0,0,0,0,0,0,0
2803,5,4,3,0,0,0,0,0,0,0,0,0,0,0,0
2804,5,4,3,0,0,0,0,0,0,0,0,0,0,0,0
2806,5,4,2,0,0,0,0,0,0,0,0,0,0,0,0
2807,5,4,1,0,0,0,0,0,0,0,0,0,0,0,0
2808,5,3,1,0,0,0,0,0,0,0,0,0,0,0,0
2810,5,4,0,0,0,0,0,0,0,0,0,0,0,0,0
2812,5,4,0,0,0,0,0,0,0,0,0,0,0,0,0
2813,5,5,0,0,0,0,0,0,0,0,0,0,0,0,0
2814,5,5,0,0,0,0,0,0,0,0,0,0,0,0,0
2816,5,5,0,0,0,0,0,0,0,0,0,0,0,0,0
2817,5,5,0,0,0,0,0,0,0,0,0,0,0,0,0
2818,5,6,1,0,0,0,0,0,0,0,0,0,0,0,0
2819,5,5,2,0,0,0,0,0,0,0,0,0,0,0,0
2820,5,5,2,0,0,0,0,0,0,0,0,0,0,0,0
2821,5,5,3,0,0,0,0,0,0,0,0,0,0,0,0
2836,5,7,1,0,0,0,0,0,0,0,0,0,0,0,0
2838,5,7,2,0,0,0,0,0,0,0,0,0,0,0,0
2839,5,7,2,0,0,0,0,0,0,0,0,0,0,0,0
2840,5,7,2,0,0,0,0,0,0,0,0,0,0,0,0
2842,5,7,2,0,0,0,0,0,0,0,0,0,0,0,0
2844,5,7,2,0,0,0,0,0,0,0,0,0,0,0,0
2846,5,7,2,0,0,0,0,0,0,0,0,0,0,0,0
2848,5,7,1,0,0,0,0,0,0,0,0,0,0,0,0
2849,5,7,2,0,0,0,0,0,0,0,0,0,0,0,0
2850,5,7,2,0,0,0,0,0,0,0,0,0,0,0,0
2851,5,7,2,0,0,0,0,0,0,0,0,0,0,0,0
2852,5,7,2,0,0,0,0,0,0,0,0,0,0,0,0
2853,5,7,2,0,0,0,0,0,0,0,0,0,0,0,0
2854,5,6,2,0,0,0,0,0,0,0,0,0,0,0,0
2855,5,6,2,0,0,0,0,0,0,0,0,0,0,0,0
2856,5,5,2,0,0,0,0,0,0,0,0,0,0,0,0
2857,5,5,2,0,0,0,0,0,0,0,0,0,0,0,0
2858,5,5,2,0,0,0,0,0,0,0,0,0,0,0,0
2859,5,5,2,0,0,0,0,0,0,0,0,0,0,0,0
2860,5,5,1,0,0,0,0,0,0,0,0,0,0,0,0
2861,5,5,1,0,0,0,0,0,0,0,0,0,0,0,0
2862,5,5,1,0,0,0,0,0,0,0,0,0,0,0,0
2863,5,6,1,0,0,0,0,0,0,0,0,0,0,0,0
2864,5,7,1,0,0,0,0,0,0,0,0,0,0,0,0
2872,5,7,1,0,0,0,0,0,0,0,0,0,0,0,0
2873,5,7,2,0,0,0,0,0,0,0,0,0,0,0,0
2874,5,7,3,0,0,0,0,0,0,0,0,0,0,0,0
2876,5,7,3,0,0,0,0,0,0,0,0,0,0,0,0
2877,5,7,3,0,0,0,0,0,0,0,0,0,0,0,0
2879,5,7,3,0,0,0,0,0,0,0,0,0,0,0,0
2880,5,8,3,0,0,0,0,0,0,0,0,0,0,0,0
2881,5,8,3,0,0,0,0,0,0,0,0,0,0,0,0
2882,5,8,3,0,0,0,0,0,0,0,0,0,0,0,0
2883,5,8,3,0,0,0,0,0,0,0,0,0,0,0,0
2884,5,8,2,0,0,0,0,0,0,0,0,0,0,0,0
2885,5,8,2,0,0,0,0,0,0,0,0,0,0,0,0
2886,5,7,2,0,0,0,0,0,0,0,0,0,0,0,0
2887,5,7,1,0,0,0,0,0,0,0,0,0,0,0,0
2888,5,6,1,0,0,0,0,0,0,0,0,0,0,0,0
2889,5,6,1,0,0,0,0,0,0,0,0,0,0,0,0
2890,5,6,1,0,0,0,0,0,0,0,0,0,0,0,0
2891,5,5,1,0,0,0,0,0,0,0,0,0,0,0,0
2893,5,5,1,0,0,0,0,0,0,0,0,0,0,0,0
2894,5,5,2,0,0,0,0,0,0,0,0,0,0,0,0
2895,5,6,2,0,0,0,0,0,0,0,0,0,0,0,0
2896,5,7,3,0,0,0,0,0,0,0,0,0,0,0,0
2897,5,7,3,0,0,0,0,0,0,0,0,0,0,0,0
2898,5,8,4,0,0,0,0,0,0,0,0,0,0,0,0
2913,5,9,4,0,0,0,0,0,0,0,0,0,0,0,0
2915,5,9,3,0,0,0,0,0,0,0,0,0,0,0,0
2917,5,9,3,0,0,0,0,0,0,0,0,0,0,0,0
2918,5,8,2,0,0,0,0,0,0,0,0,0,0,0,0
2919,5,7,2,0,0,0,0,0,0,0,0,0,0,0,0
2921,5,7,2,0,0,0,0,0,0,0,0,0,0,0,0
2923,5,7,2,0,0,0,0,0,0,0,0,0,0,0,0
2925,5,7,3,0,0,0,0,0,0,0,0,0,0,0,0
2926,5,7,3,0,0,0,0,0,0,0,0,0,0,0,0
2927,5,7,4,0,0,0,0,0,0,0,0,0,0,0,0
2928,5,7,5,0,0,0,0,0,0,0,0,0,0,0,0
2929,5,7,5,0,0,0,0,0,0,0,0,0,0,0,0
2930,5,7,6,0,0,0,0,0,0,0,0,0,0,0,0
2932,5,7,6,0,0,0,0,0,0,0,0,0,0,0,0
2933,5,7,7,0,0,0,0,0,0,0,0,0,0,0,0
2934,5,7,6,0,0,0,0,0,0,0,0,0,0,0,0
2935,5,7,6,0,0,0,0,0,0,0,0,0,0,0,0
2936,5,7,5,0,0,0,0,0,0,0,0,0,0,0,0
2938,5,6,5,0,0,0,0,0,0,0,0,0,0,0,0
2939,5,6,5,0,0,0,0,0,0,0,0,0,0,0,0
2940,5,6,4,0,0,0,0,0,0,0,0,0,0,0,0
2941,5,5,3,0,0,0,0,0,0,0,0,0,0,0,0
2942,5,5,3,0,0,0,0,0,0,0,0,0,0,0,0
2943,5,5,3,0,0,0,0,0,0,0,0,0,0,0,0
2950,5,9,2,0,0,0,0,0,0,0,0,0,0,0,0
2951,5,9,2,0,0,0,0,0,0,0,0,0,0,0,0
2952,5,8,2,0,0,0,0,0,0,0,0,0,0,0,0
2953,5,8,2,0,0,0,0,0,0,0,0,0,0,0,0
2954,5,8,3,0,0,0,0,0,0,0,0,0,0,0,0
2955,5,7,3,0,0,0,0,0,0,0,0,0,0,0,0
2957,5,7,2,0,0,0,0,0,0,0,0,0,0,0,0
2959,5,7,2,0,0,0,0,0,0,0,0,0,0,0,0
2961,5,7,2,0,0,0,0,0,0,0,0,0,0,0,0
2962,5,8,2,0,0,0,0,0,0,0,0,0,0,0,0
2963,5,8,3,0,0,0,0,0,0,0,0,0,0,0,0
2964,5,9,3,0,0,0,0,0,0,0,0,0,0,0,0
2965,5,10,3,0,0,0,0,0,0,0,0,0,0,0,0
2966,5,10,2,0,0,0,0,0,0,0,0,0,0,0,0
2967,5,10,2,0,0,0,0,0,0,0,0,0,0,0,0
2968,5,10,2,0,0,0,0,0,0,0,0,0,0,0,0
2969,5,10,2,0,0,0,0,0,0,0,0,0,0,0,0
2970,5,9,2,0,0,0,0,0,0,0,0,0,0,0,0
2971,5,9,2,0,0,0,0,0,0,0,0,0,0,0,0
2972,5,8,1,0,0,0,0,0,0,0,0,0,0,0,0
2973,5,7,1,0,0,0,0,0,0,0,0,0,0,0,0
2974,5,7,1,0,0,0,0,0,0,0,0,0,0,0,0
2975,5,6,1,0,0,0,0,0,0,0,0,0,0,0,0
2976,5,6,1,0,0,0,0,0,0,0,0,0,0,0,0
2991,5,7,5,0,0,0,0,0,0,0,0,0,0,0,0
2994,5,6,4,0,0,0,0,0,0,0,0,0,0,0,0
2995,5,6,3,0,0,0,0,0,0,0,0,0,0,0,0
2996,5,6,3,0,0,0,0,0,0,0,0,0,0,0,0
2997,5,6,2,0,0,0,0,0,0,0,0,0,0,0,0
2999,5,7,2,0,0,0,0,0,0,0,0,0,0,0,0
3001,5,7,2,0,0,0,0,0,0,0,0,0,0,0,0
3002,5,7,3,0,0,0,0,0,0,0,0,0,0,0,0
3004,5,7,3,0,0,0,0,0,0,0,0,0,0,0,0
3005,5,7,4,0,0,0,0,0,0,0,0,0,0,0,0
3006,5,6,5,0,0,0,0,0,0,0,0,0,0,0,0
3007,5,6,5,0,0,0,0,0,0,0,0,0,0,0,0
3009,5,6,5,0,0,0,0,0,0,0,0,0,0,0,0
3010,5,6,5,0,0,0,0,0,0,0,0,0,0,0,0
3011,5,5,5,0,0,0,0,0,0,0,0,0,0,0,0
3012,5,5,4,0,0,0,0,0,0,0,0,0,0,0,0
3013,5,5,4,0,0,0,0,0,0,0,0,0,0,0,0
3014,5,6,4,0,0,0,0,0,0,0,0,0,0,0,0
3015,5,6,4,0,0,0,0,0,0,0,0,0,0,0,0
3016,5,7,4,0,0,0,0,0,0,0,0,0,0,0,0
3017,5,7,3,0,0,0,0,0,0,0,0,0,0,0,0
3018,5,7,3,0,0,0,0,0,0,0,0,0,0,0,0
3019,5,7,3,0,0,0,0,0,0,0,0,0,0,0,0
3020,5,7,3,0,0,0,0,0,0,0,0,0,0,0,0
3028,5,6,1,0,0,0,0,0,0,0,0,0,0,0,0
3029,5,6,1,0,0,0,0,0,0,0,0,0,0,0,0
3030,5,7,1,0,0,0,0,0,0,0,0,0,0,0,0
3031,5,7,1,0,0,0,0,0,0,0,0,0,0,0,0
3033,5,8,1,0,0,0,0,0,0,0,0,0,0,0,0
3035,5,8,1,0,0,0,0,0,0,0,0,0,0,0,0
3037,5,8,2,0,0,0,0,0,0,0,0,0,0,0,0
3039,5,8,2,0,0,0,0,0,0,0,0,0,0,0,0
3040,5,8,3,0,0,0,0,0,0,0,0,0,0,0,0
3041,5,7,3,0,0,0,0,0,0,0,0,0,0,0,0
3043,5,7,3,0,0,0,0,0,0,0,0,0,0,0,0
3044,5,7,3,0,0,0,0,0,0,0,0,0,0,0,0
3045,5,7,3,0,0,0,0,0,0,0,0,0,0,0,0
3046,5,7,3,0,0,0,0,0,0,0,0,0,0,0,0
3047,5,8,3,0,0,0,0,0,0,0,0,0,0,0,0
3048,5,8,3,0,0,0,0,0,0,0,0,0,0,0,0
3049,5,9,2,0,0,0,0,0,0,0,0,0,0,0,0
3050,5,9,2,0,0,0,0,0,0,0,0,0,0,0,0
3052,5,9,2,0,0,0,0,0,0,0,0,0,0,0,0
3053,5,9,2,0,0,0,0,0,0,0,0,0,0,0,0
3055,5,9,1,0,0,0,0,0,0,0,0,0,0,0,0
3056,5,9,1,0,0,0,0,0,0,0,0,0,0,0,0
3057,5,8,2,0,0,0,0,0,0,0,0,0,0,0,0
3058,5,8,2,0,0,0,0,0,0,0,0,0,0,0,0
3066,5,8,6,0,0,0,0,0,0,0,0,0,0,0,0
3067,5,9,6,0,0,0,0,0,0,0,0,0,0,0,0
3068,5,9,6,0,0,0,0,0,0,0,0,0,0,0,0
3069,5,9,6,0,0,0,0,0,0,0,0,0,0,0,0
3070,5,8,6,0,0,0,0,0,0,0,0,0,0,0,0
3071,5,8,6,0,0,0,0,0,0,0,0,0,0,0,0
3073,5,7,5,0,0,0,0,0,0,0,0,0,0,0,0
3075,5,7,5,0,0,0,0,0,0,0,0,0,0,0,0
3076,5,7,4,0,0,0,0,0,0,0,0,0,0,0,0
3078,5,6,4,0,0,0,0,0,0,0,0,0,0,0,0
3079,5,6,3,0,0,0,0,0,0,0,0,0,0,0,0
3080,5,6,3,0,0,0,0,0,0,0,0,0,0,0,0
3082,5,6,2,0,0,0,0,0,0,0,0,0,0,0,0
3083,4,5,2,0,0,0,0,0,0,0,0,0,0,0,0
3084,4,5,2,0,0,0,0,0,0,0,0,0,0,0,0
3085,4,5,2,0,0,0,0,0,0,0,0,0,0,0,0
3086,3,5,2,0,0,0,0,0,0,0,0,0,0,0,0
3087,3,5,2,0,0,0,0,0,0,0,0,0,0,0,0
3088,4,6,2,0,0,0,0,0,0,0,0,0,0,0,0
3089,4,6,3,0,0,0,0,0,0,0,0,0,0,0,0
3090,4,6,3,0,0,0,0,0,0,0,0,0,0,0,0
3091,4,5,4,0,0,0,0,0,0,0,0,0,0,0,0
3092,4,5,4,0,0,0,0,0,0,0,0,0,0,0,0
3093,4,5,5,0,0,0,0,0,0,0,0,0,0,0,0
3101,5,8,4,0,0,0,0,0,0,0,0,0,0,0,0
3102,5,9,3,0,0,0,0,0,0,0,0,0,0,0,0
3103,5,9,3,0,0,0,0,0,0,0,0,0,0,0,0
3104,5,8,3,0,0,0,0,0,0,0,0,0,0,0,0
3105,5,8,2,0,0,0,0,0,0,0,0,0,0,0,0
3106,5,7,2,0,0,0,0,0,0,0,0,0,0,0,0
3108,5,7,2,0,0,0,0,0,0,0,0,0,0,0,0
3109,5,7,1,0,0,0,0,0,0,0,0,0,0,0,0
3110,5,7,1,0,0,0,0,0,0,0,0,0,0,0,0
3111,5,7,1,0,0,0,0,0,0,0,0,0,0,0,0
3113,5,7,1,0,0,0,0,0,0,0,0,0,0,0,0
3114,5,8,2,0,0,0,0,0,0,0,0,0,0,0,0
3116,5,9,2,0,0,0,0,0,0,0,0,0,0,0,0
3118,5,9,3,0,0,0,0,0,0,0,0,0,0,0,0
3120,5,10,3,0,0,0,0,0,0,0,0,0,0,0,0
3122,5,9,3,0,0,0,0,0,0,0,0,0,0,0,0
3123,5,9,3,0,0,0,0,0,0,0,0,0,0,0,0
3124,5,8,2,0,0,0,0,0,0,0,0,0,0,0,0
3126,5,8,2,0,0,0,0,0,0,0,0,0,0,0,0
3127,5,7,2,0,0,0,0,0,0,0,0,0,0,0,0
3128,5,7,2,0,0,0,0,0,0,0,0,0,0,0,0
3129,5,7,2,0,0,0,0,0,0,0,0,0,0,0,0
3130,5,7,1,0,0,0,0,0,0,0,0,0,0,0,0
3131,5,7,1,0,0,0,0,0,0,0,0,0,0,0,0
3147,5,6,2,0,0,0,0,0,0,0,0,0,0,0,0
3149,5,6,3,0,0,0,0,0,0,0,0,0,0,0,0
3150,5,6,3,0,0,0,0,0,0,0,0,0,0,0,0
3151,5,6,3,0,0,0,0,0,0,0,0,0,0,0,0
3153,5,6,3,0,0,0,0,0,0,0,0,0,0,0,0
3154,5,6,3,0,0,0,0,0,0,0,0,0,0,0,0
3156,5,6,3,0,0,0,0,0,0,0,0,0,0,0,0
3157,5,6,3,0,0,0,0,0,0,0,0,0,0,0,0
3158,5,6,3,0,0,0,0,0,0,0,0,0,0,0,0
3160,5,6,3,0,0,0,0,0,0,0,0,0,0,0,0
3161,5,6,2,0,0,0,0,0,0,0,0,0,0,0,0
3162,5,6,2,0,0,0,0,0,0,0,0,0,0,0,0
3163,5,6,1,0,0,0,0,0,0,0,0,0,0,0,0
3164,5,6,1,0,0,0,0,0,0,0,0,0,0,0,0
3165,5,7,1,0,0,0,0,0,0,0,0,0,0,0,0
3166,5,8,1,0,0,0,0,0,0,0,0,0,0,0,0
3167,5,8,1,0,0,0,0,0,0,0,0,0,0,0,0
3168,5,9,1,0,0,0,0,0,0,0,0,0,0,0,0
3169,5,9,1,0,0,0,0,0,0,0,0,0,0,0,0
3170,5,9,1,0,0,0,0,0,0,0,0,0,0,0,0
3171,5,8,2,0,0,0,0,0,0,0,0,0,0,0,0
3172,5,8,2,0,0,0,0,0,0,0,0,0,0,0,0
3173,5,7,3,0,0,0,0,0,0,0,0,0,0,0,0
3174,5,7,4,0,0,0,0,0,0,0,0,0,0,0,0
3182,5,5,3,0,0,0,0,0,0,0,0,0,0,0,0
3183,5,6,2,0,0,0,0,0,0,0,0,0,0,0,0
3184,5,6,2,0,0,0,0,0,0,0,0,0,0,0,0
3185,5,7,2,0,0,0,0,0,0,0,0,0,0,0,0
3186,5,7,1,0,0,0,0,0,0,0,0,0,0,0,0
3187,5,7,1,0,0,0,0,0,0,0,0,0,0,0,0
3188,5,7,1,0,0,0,0,0,0,0,0,0,0,0,0
3189,5,7,1,0,0,0,0,0,0,0,0,0,0,0,0
3190,5,7,1,0,0,0,0,0,0,0,0,0,0,0,0
3191,5,7,1,0,0,0,0,0,0,0,0,0,0,0,0
3192,5,6,1,0,0,0,0,0,0,0,0,0,0,0,0
3194,5,6,1,0,0,0,0,0,0,0,0,0,0,0,0
3196,5,6,1,0,0,0,0,0,0,0,0,0,0,0,0
3197,5,7,2,0,0,0,0,0,0,0,0,0,0,0,0
3199,5,7,2,0,0,0,0,0,0,0,0,0,0,0,0
3200,5,7,2,0,0,0,0,0,0,0,0,0,0,0,0
3201,5,7,3,0,0,0,0,0,0,0,0,0,0,0,0
3202,5,7,3,0,0,0,0,0,0,0,0,0,0,0,0
3204,5,7,4,0,0,0,0,0,0,0,0,0,0,0,0
3205,5,7,4,0,0,0,0,0,0,0,0,0,0,0,0
3207,5,7,4,0,0,0,0,0,0,0,0,0,0,0,0
3208,5,7,4,0,0,0,0,0,0,0,0,0,0,0,0
3209,5,6,4,0,0,0,0,0,0,0,0,0,0,0,0
3210,5,6,4,0,0,0,0,0,0,0,0,0,0,0,0
3218,5,9,1,0,0,0,0,0,0,0,0,0,0,0,0
3219,5,9,1,0,0,0,0,0,0,0,0,0,0,0,0
3220,5,9,1,0,0,0,0,0,0,0,0,0,0,0,0
3221,5,9,1,0,0,0,0,0,0,0,0,0,0,0,0
3222,5,9,1,0,0,0,0,0,0,0,0,0,0,0,0
3223,5,8,1,0,0,0,0,0,0,0,0,0,0,0,0
3225,5,7,1,0,0,0,0,0,0,0,0,0,0,0,0
3227,5,7,1,0,0,0,0,0,0,0,0,0,0,0,0
3229,5,7,2,0,0,0,0,0,0,0,0,0,0,0,0
3230,5,7,2,0,0,0,0,0,0,0,0,0,0,0,0
3231,5,7,2,0,0,0,0,0,0,0,0,0,0,0,0
3232,5,7,2,0,0,0,0,0,0,0,0,0,0,0,0
3234,5,7,2,0,0,0,0,0,0,0,0,0,0,0,0
3236,5,7,2,0,0,0,0,0,0,0,0,0,0,0,0
3238,5,6,2,0,0,0,0,0,0,0,0,0,0,0,0
3239,5,6,2,0,0,0,0,0,0,0,0,0,0,0,0
3240,5,6,2,0,0,0,0,0,0,0,0,0,0,0,0
3241,5,5,2,0,0,0,0,0,0,0,0,0,0,0,0
3243,5,5,2,0,0,0,0,0,0,0,0,0,0,0,0
3244,5,4,1,0,0,0,0,0,0,0,0,0,0,0,0
3245,5,4,1,0,0,0,0,0,0,0,0,0,0,0,0
3246,5,5,2,0,0,0,0,0,0,0,0,0,0,0,0
3247,5,5,2,0,0,0,0,0,0,0,0,0,0,0,0
3248,5,5,2,0,0,0,0,0,0,0,0,0,0,0,0
3255,5,9,3,0,0,0,0,0,0,0,0,0,0,0,0
3256,5,8,4,0,0,0,0,0,0,0,0,0,0,0,0
3257,5,8,5,0,0,0,0,0,0,0,0,0,0,0,0
3258,5,8,5,0,0,0,0,0,0,0,0,0,0,0,0
3259,5,7,6,0,0,0,0,0,0,0,0,0,0,0,0
3260,5,7,6,0,0,0,0,0,0,0,0,0,0,0,0
3262,5,7,6,0,0,0,0,0,0,0,0,0,0,0,0
3264,5,7,5,0,0,0,0,0,0,0,0,0,0,0,0
3265,5,8,5,0,0,0,0,0,0,0,0,0,0,0,0
3266,5,8,4,0,0,0,0,0,0,0,0,0,0,0,0
3267,5,7,4,0,0,0,0,0,0,0,0,0,0,0,0
3268,5,7,3,0,0,0,0,0,0,0,0,0,0,0,0
3270,5,7,2,0,0,0,0,0,0,0,0,0,0,0,0
3271,5,7,2,0,0,0,0,0,0,0,0,0,0,0,0
3272,5,7,2,0,0,0,0,0,0,0,0,0,0,0,0
3273,5,6,2,0,0,0,0,0,0,0,0,0,0,0,0
3274,5,6,1,0,0,0,0,0,0,0,0,0,0,0,0
3275,5,6,1,0,0,0,0,0,0,0,0,0,0,0,0
3277,5,6,1,0,0,0,0,0,0,0,0,0,0,0,0
3278,5,5,1,0,0,0,0,0,0,0,0,0,0,0,0
3279,5,6,1,0,0,0,0,0,0,0,0,0,0,0,0
3280,5,6,1,0,0,0,0,0,0,0,0,0,0,0,0
3281,5,6,2,0,0,0,0,0,0,0,0,0,0,0,0
3282,5,7,3,0,0,0,0,0,0,0,0,0,0,0,0
3289,5,8,5,0,0,0,0,0,0,0,0,0,0,0,0
3290,5,7,4,0,0,0,0,0,0,0,0,0,0,0,0
3291,5,7,4,0,0,0,0,0,0,0,0,0,0,0,0
3292,5,6,3,0,0,0,0,0,0,0,0,0,0,0,0
3293,5,5,3,0,0,0,0,0,0,0,0,0,0,0,0
3294,5,5,2,0,0,0,0,0,0,0,0,0,0,0,0
3296,5,4,2,0,0,0,0,0,0,0,0,0,0,0,0
3299,5,4,1,0,0,0,0,0,0,0,0,0,0,0,0
3300,5,4,1,0,0,0,0,0,0,0,0,0,0,0,0
3301,5,3,0,0,0,0,0,0,0,0,0,0,0,0,0
3302,5,3,0,0,0,0,0,0,0,0,0,0,0,0,0
3303,5,3,0,0,0,0,0,0,0,0,0,0,0,0,0
3304,5,3,0,0,0,0,0,0,0,0,0,0,0,0,0
3305,5,4,1,0,0,0,0,0,0,0,0,0,0,0,0
3307,5,4,1,0,0,0,0,0,0,0,0,0,0,0,0
3309,5,4,2,0,0,0,0,0,0,0,0,0,0,0,0
3311,5,4,2,0,0,0,0,0,0,0,0,0,0,0,0
3312,5,4,2,0,0,0,0,0,0,0,0,0,0,0,0
3313,5,4,3,0,0,0,0,0,0,0,0,0,0,0,0
3314,5,5,3,0,0,0,0,0,0,0,0,0,0,0,0
3315,5,5,3,0,0,0,0,0,0,0,0,0,0,0,0
3316,5,6,3,0,0,0,0,0,0,0,0,0,0,0,0
3317,5,7,3,0,0,0,0,0,0,0,0,0,0,0,0
3318,5,8,3,0,0,0,0,0,0,0,0,0,0,0,0
3333,5,5,2,0,0,0,0,0,0,0,0,0,0,0,0
3335,5,5,2,0,0,0,0,0,0,0,0,0,0,0,0
3337,5,5,2,0,0,0,0,0,0,0,0,0,0,0,0
3338,5,6,2,0,0,0,0,0,0,0,0,0,0,0,0
3339,5,6,3,0,0,0,0,0,0,0,0,0,0,0,0
3340,5,6,3,0,0,0,0,0,0,0,0,0,0,0,0
3342,5,6,4,0,0,0,0,0,0,0,0,0,0,0,0
3344,5,5,4,0,0,0,0,0,0,0,0,0,0,0,0
3345,5,5,4,0,0,0,0,0,0,0,0,0,0,0,0
3347,5,5,4,0,0,0,0,0,0,0,0,0,0,0,0
3348,5,6,4,0,0,0,0,0,0,0,0,0,0,0,0
3349,5,7,3,0,0,0,0,0,0,0,0,0,0,0,0
3351,5,7,3,0,0,0,0,0,0,0,0,0,0,0,0
3352,5,7,3,0,0,0,0,0,0,0,0,0,0,0,0
3353,5,7,2,0,0,0,0,0,0,0,0,0,0,0,0
3354,5,8,2,0,0,0,0,0,0,0,0,0,0,0,0
3355,5,8,2,0,0,0,0,0,0,0,0,0,0,0,0
3356,5,7,2,0,0,0,0,0,0,0,0,0,0,0,0
3357,5,7,2,0,0,0,0,0,0,0,0,0,0,0,0
3358,5,7,2,0,0,0,0,0,0,0,0,0,0,0,0
3359,5,7,2,0,0,0,0,0,0,0,0,0,0,0,0
3360,5,6,2,0,0,0,0,0,0,0,0,0,0,0,0
3361,5,6,2,0,0,0,0,0,0,0,0,0,0,0,0
3362,5,6,2,0,0,0,0,0,0,0,0,0,0,0,0
3370,5,8,7,0,0,0,0,0,0,0,0,0,0,0,0
3371,5,8,6,0,0,0,0,0,0,0,0,0,0,0,0
3372,5,8,6,0,0,0,0,0,0,0,0,0,0,0,0
3373,5,8,6,0,0,0,0,0,0,0,0,0,0,0,0
3374,5,8,5,0,0,0,0,0,0,0,0,0,0,0,0
3375,5,7,4,0,0,0,0,0,0,0,0,0,0,0,0
3376,5,7,3,0,0,0,0,0,0,0,0,0,0,0,0
3378,5,6,3,0,0,0,0,0,0,0,0,0,0,0,0
3380,5,6,3,0,0,0,0,0,0,0,0,0,0,0,0
3381,5,6,2,0,0,0,0,0,0,0,0,0,0,0,0
3382,5,7,2,0,0,0,0,0,0,0,0,0,0,0,0
3384,5,8,2,0,0,0,0,0,0,0,0,0,0,0,0
3385,5,8,2,0,0,0,0,0,0,0,0,0,0,0,0
3386,5,9,2,0,0,0,0,0,0,0,0,0,0,0,0
3387,5,9,2,0,0,0,0,0,0,0,0,0,0,0,0
3389,5,9,2,0,0,0,0,0,0,0,0,0,0,0,0
3390,5,8,2,0,0,0,0,0,0,0,0,0,0,0,0
3391,5,8,3,0,0,0,0,0,0,0,0,0,0,0,0
3392,5,7,3,0,0,0,0,0,0,0,0,0,0,0,0
3393,5,7,4,0,0,0,0,0,0,0,0,0,0,0,0
3394,5,7,5,0,0,0,0,0,0,0,0,0,0,0,0
3395,5,6,5,0,0,0,0,0,0,0,0,0,0,0,0
3396,5,6,6,0,0,0,0,0,0,0,0,0,0,0,0
3397,5,6,6,0,0,0,0,0,0,0,0,0,0,0,0
3412,5,7,1,0,0,0,0,0,0,0,0,0,0,0,0
3414,5,7,1,0,0,0,0,0,0,0,0,0,0,0,0
3415,5,7,1,0,0,0,0,0,0,0,0,0,0,0,0
3416,5,7,2,0,0,0,0,0,0,0,0,0,0,0,0
3417,5,8,2,0,0,0,0,0,0,0,0,0,0,0,0
3419,5,8,2,0,0,0,0,0,0,0,0,0,0,0,0
3422,5,8,3,0,0,0,0,0,0,0,0,0,0,0,0
3424,5,8,2,0,0,0,0,0,0,0,0,0,0,0,0
3425,5,8,2,0,0,0,0,0,0,0,0,0,0,0,0
3426,5,7,2,0,0,0,0,0,0,0,0,0,0,0,0
3427,5,7,2,0,0,0,0,0,0,0,0,0,0,0,0
3429,5,6,2,0,0,0,0,0,0,0,0,0,0,0,0
3430,5,6,2,0,0,0,0,0,0,0,0,0,0,0,0
3431,5,5,1,0,0,0,0,0,0,0,0,0,0,0,0
3432,5,5,1,0,0,0,0,0,0,0,0,0,0,0,0
3433,5,6,1,0,0,0,0,0,0,0,0,0,0,0,0
3434,5,6,1,0,0,0,0,0,0,0,0,0,0,0,0
3435,5,7,1,0,0,0,0,0,0,0,0,0,0,0,0
3436,5,7,1,0,0,0,0,0,0,0,0,0,0,0,0
3437,5,8,2,0,0,0,0,0,0,0,0,0,0,0,0
3438,5,8,2,0,0,0,0,0,0,0,0,0,0,0,0
3439,5,8,2,0,0,0,0,0,0,0,0,0,0,0,0
3440,5,8,2,0,0,0,0,0,0,0,0,0,0,0,0
3441,5,8,2,0,0,0,0,0,0,0,0,0,0,0,0
3449,5,6,7,0,0,0,0,0,0,0,0,0,0,0,0
3450,5,6,7,0,0,0,0,0,0,0,0,0,0,0,0
3451,5,6,7,0,0,0,0,0,0,0,0,0,0,0,0
3453,5,7,7,0,0,0,0,0,0,0,0,0,0,0,0
3454,5,7,7,0,0,0,0,0,0,0,0,0,0,0,0
3456,5,7,6,0,0,0,0,0,0,0,0,0,0,0,0
3458,5,7,5,0,0,0,0,0,0,0,0,0,0,0,0
3460,5,6,5,0,0,0,0,0,0,0,0,0,0,0,0
3461,5,5,4,0,0,0,0,0,0,0,0,0,0,0,0
3462,5,5,3,0,0,0,0,0,0,0,0,0,0,0,0
3464,5,5,2,0,0,0,0,0,0,0,0,0,0,0,0
3466,5,6,2,0,0,0,0,0,0,0,0,0,0,0,0
3467,5,7,1,0,0,0,0,0,0,0,0,0,0,0,0
3468,5,8,1,0,0,0,0,0,0,0,0,0,0,0,0
3469,5,8,1,0,0,0,0,0,0,0,0,0,0,0,0
3470,5,9,1,0,0,0,0,0,0,0,0,0,0,0,0
3471,5,9,1,0,0,0,0,0,0,0,0,0,0,0,0
3472,5,9,1,0,0,0,0,0,0,0,0,0,0,0,0
3474,5,8,1,0,0,0,0,0,0,0,0,0,0,0,0
3475,5,8,2,0,0,0,0,0,0,0,0,0,0,0,0
3476,5,8,3,0,0,0,0,0,0,0,0,0,0,0,0
3477,5,7,4,0,0,0,0,0,0,0,0,0,0,0,0
3478,5,7,4,0,0,0,0,0,0,0,0,0,0,0,0
3479,5,6,5,0,0,0,0,0,0,0,0,0,0,0,0
3486,5,7,3,0,0,0,0,0,0,0,0,0,0,0,0
3487,5,7,3,0,0,0,0,0,0,0,0,0,0,0,0
3488,5,8,2,0,0,0,0,0,0,0,0,0,0,0,0
3489,5,8,2,0,0,0,0,0,0,0,0,0,0,0,0
3490,5,8,2,0,0,0,0,0,0,0,0,0,0,0,0
3492,5,8,2,0,0,0,0,0,0,0,0,0,0,0,0
3494,5,8,2,0,0,0,0,0,0,0,0,0,0,0,0
3495,5,7,1,0,0,0,0,0,0,0,0,0,0,0,0
3496,5,7,1,0,0,0,0,0,0,0,0,0,0,0,0
3498,5,7,1,0,0,0,0,0,0,0,0,0,0,0,0
3500,5,7,1,0,0,0,0,0,0,0,0,0,0,0,0
3501,5,7,2,0,0,0,0,0,0,0,0,0,0,0,0
3503,5,8,2,0,0,0,0,0,0,0,0,0,0,0,0
3505,5,8,3,0,0,0,0,0,0,0,0,0,0,0,0
3506,5,8,3,0,0,0,0,0,0,0,0,0,0,0,0
3507,5,7,3,0,0,0,0,0,0,0,0,0,0,0,0
3508,5,7,3,0,0,0,0,0,0,0,0,0,0,0,0
3509,5,7,3,0,0,0,0,0,0,0,0,0,0,0,0
3510,5,7,3,0,0,0,0,0,0,0,0,0,0,0,0
3512,5,6,3,0,0,0,0,0,0,0,0,0,0,0,0
3513,5,6,3,0,0,0,0,0,0,0,0,0,0,0,0
3514,5,6,3,0,0,0,0,0,0,0,0,0,0,0,0
3515,5,5,3,0,0,0,0,0,0,0,0,0,0,0,0
3516,5,5,2,0,0,0,0,0,0,0,0,0,0,0,0
3531,4,6,1,0,0,0,0,0,0,0,0,0,0,0,0
3533,4,6,1,0,0,0,0,0,0,0,0,0,0,0,0
3534,4,7,1,0,0,0,0,0,0,0,0,0,0,0,0
3535,4,7,1,0,0,0,0,0,0,0,0,0,0,0,0
3536,4,8,1,0,0,0,0,0,0,0,0,0,0,0,0
3538,4,8,1,0,0,0,0,0,0,0,0,0,0,0,0
3540,4,8,1,0,0,0,0,0,0,0,0,0,0,0,0
3543,4,8,1,0,0,0,0,0,0,0,0,0,0,0,0
3544,4,8,1,0,0,0,0,0,0,0,0,0,0,0,0
3545,4,7,1,0,0,0,0,0,0,0,0,0,0,0,0
3546,4,7,1,0,0,0,0,0,0,0,0,0,0,0,0
3547,5,7,1,0,0,0,0,0,0,0,0,0,0,0,0
3548,5,6,1,0,0,0,0,0,0,0,0,0,0,0,0
3549,5,6,1,0,0,0,0,0,0,0,0,0,0,0,0
3550,5,5,1,0,0,0,0,0,0,0,0,0,0,0,0
3551,5,6,1,0,0,0,0,0,0,0,0,0,0,0,0
3552,5,6,1,0,0,0,0,0,0,0,0,0,0,0,0
3553,5,7,2,0,0,0,0,0,0,0,0,0,0,0,0
3554,5,7,2,0,0,0,0,0,0,0,0,0,0,0,0
3555,5,7,2,0,0,0,0,0,0,0,0,0,0,0,0
3556,5,7,3,0,0,0,0,0,0,0,0,0,0,0,0
3557,5,7,4,0,0,0,0,0,0,0,0,0,0,0,0
3558,5,7,5,0,0,0,0,0,0,0,0,0,0,0,0
3559,5,7,6,0,0,0,0,0,0,0,0,0,0,0,0
3566,5,4,4,0,0,0,0,0,0,0,0,0,0,0,0
3567,5,4,3,0,0,0,0,0,0,0,0,0,0,0,0
3568,5,5,3,0,0,0,0,0,0,0,0,0,0,0,0
3569,5,5,2,0,0,0,0,0,0,0,0,0,0,0,0
3571,5,6,1,0,0,0,0,0,0,0,0,0,0,0,0
3572,5,6,1,0,0,0,0,0,0,0,0,0,0,0,0
3576,5,7,1,0,0,0,0,0,0,0,0,0,0,0,0
3577,5,7,1,0,0,0,0,0,0,0,0,0,0,0,0
3578,5,7,0,0,0,0,0,0,0,0,0,0,0,0,0
3579,5,7,0,0,0,0,0,0,0,0,0,0,0,0,0
3580,5,7,0,0,0,0,0,0,0,0,0,0,0,0,0
3581,5,6,0,0,0,0,0,0,0,0,0,0,0,0,0
3583,5,6,0,0,0,0,0,0,0,0,0,0,0,0,0
3584,5,7,1,0,0,0,0,0,0,0,0,0,0,0,0
3585,5,7,2,0,0,0,0,0,0,0,0,0,0,0,0
3586,5,8,3,0,0,0,0,0,0,0,0,0,0,0,0
3587,5,9,4,0,0,0,0,0,0,0,0,0,0,0,0
3588,5,9,4,0,0,0,0,0,0,0,0,0,0,0,0
3590,5,9,4,0,0,0,0,0,0,0,0,0,0,0,0
3591,5,8,4,0,0,0,0,0,0,0,0,0,0,0,0
3592,5,8,3,0,0,0,0,0,0,0,0,0,0,0,0
3593,5,7,3,0,0,0,0,0,0,0,0,0,0,0,0
3594,5,7,2,0,0,0,0,0,0,0,0,0,0,0,0
3595,5,7,2,0,0,0,0,0,0,0,0,0,0,0,0
3603,5,5,0,0,0,0,0,0,0,0,0,0,0,0,0
3604,5,5,0,0,0,0,0,0,0,0,0,0,0,0,0
3605,5,6,0,0,0,0,0,0,0,0,0,0,0,0,0
3606,5,6,1,0,0,0,0,0,0,0,0,0,0,0,0
3608,5,6,1,0,0,0,0,0,0,0,0,0,0,0,0
3610,5,6,1,0,0,0,0,0,0,0,0,0,0,0,0
3612,5,6,2,0,0,0,0,0,0,0,0,0,0,0,0
3613,5,6,2,0,0,0,0,0,0,0,0,0,0,0,0
3614,5,5,3,0,0,0,0,0,0,0,0,0,0,0,0
3615,5,5,3,0,0,0,0,0,0,0,0,0,0,0,0
3617,5,5,3,0,0,0,0,0,0,0,0,0,0,0,0
3618,5,5,3,0,0,0,0,0,0,0,0,0,0,0,0
3620,5,6,3,0,0,0,0,0,0,0,0,0,0,0,0
3622,5,6,3,0,0,0,0,0,0,0,0,0,0,0,0
3624,5,5,3,0,0,0,0,0,0,0,0,0,0,0,0
3625,5,5,3,0,0,0,0,0,0,0,0,0,0,0,0
3626,5,5,3,0,0,0,0,0,0,0,0,0,0,0,0
3627,5,5,3,0,0,0,0,0,0,0,0,0,0,0,0
3628,5,5,3,0,0,0,0,0,0,0,0,0,0,0,0
3629,5,5,3,0,0,0,0,0,0,0,0,0,0,0,0
3630,5,5,3,0,0,0,0,0,0,0,0,0,0,0,0
3631,5,5,3,0,0,0,0,0,0,0,0,0,0,0,0
3632,5,5,3,0,0,0,0,0,0,0,0,0,0,0,0
3633,5,5,3,0,0,0,0,0,0,0,0,0,0,0,0
3642,5,7,6,0,0,0,0,0,0,0,0,0,0,0,0
3643,5,7,6,0,0,0,0,0,0,0,0,0,0,0,0
3644,5,7,6,0,0,0,0,0,0,0,0,0,0,0,0
3645,5,6,5,0,0,0,0,0,0,0,0,0,0,0,0
3646,5,6,5,0,0,0,0,0,0,0,0,0,0,0,0
3648,5,5,4,0,0,0,0,0,0,0,0,0,0,0,0
3650,5,5,4,0,0,0,0,0,0,0,0,0,0,0,0
3652,5,5,3,0,0,0,0,0,0,0,0,0,0,0,0
3653,5,6,3,0,0,0,0,0,0,0,0,0,0,0,0
3654,5,6,2,0,0,0,0,0,0,0,0,0,0,0,0
3656,5,6,2,0,0,0,0,0,0,0,0,0,0,0,0
3658,5,6,2,0,0,0,0,0,0,0,0,0,0,0,0
3660,5,6,2,0,0,0,0,0,0,0,0,0,0,0,0
3662,5,6,2,0,0,0,0,0,0,0,0,0,0,0,0
3663,5,5,3,0,0,0,0,0,0,0,0,0,0,0,0
3665,5,5,3,0,0,0,0,0,0,0,0,0,0,0,0
3666,5,5,3,0,0,0,0,0,0,0,0,0,0,0,0
3667,5,4,4,0,0,0,0,0,0,0,0,0,0,0,0
3669,5,4,5,0,0,0,0,0,0,0,0,0,0,0,0
3670,5,5,5,0,0,0,0,0,0,0,0,0,0,0,0
3671,5,6,5,0,0,0,0,0,0,0,0,0,0,0,0
3672,5,6,5,0,0,0,0,0,0,0,0,0,0,0,0
3673,5,6,5,0,0,0,0,0,0,0,0,0,0,0,0
3674,5,6,5,0,0,0,0,0,0,0,0,0,0,0,0
3681,5,4,1,0,0,0,0,0,0,0,0,0,0,0,0
3682,5,4,1,0,0,0,0,0,0,0,0,0,0,0,0
3683,5,4,1,0,0,0,0,0,0,0,0,0,0,0,0
3684,5,4,1,0,0,0,0,0,0,0,0,0,0,0,0
3686,5,4,2,0,0,0,0,0,0,0,0,0,0,0,0
3688,5,5,3,0,0,0,0,0,0,0,0,0,0,0,0
3690,5,5,3,0,0,0,0,0,0,0,0,0,0,0,0
3692,5,5,4,0,0,0,0,0,0,0,0,0,0,0,0
3693,5,5,5,0,0,0,0,0,0,0,0,0,0,0,0
3695,5,5,5,0,0,0,0,0,0,0,0,0,0,0,0
3697,5,5,5,0,0,0,0,0,0,0,0,0,0,0,0
3698,5,5,5,0,0,0,0,0,0,0,0,0,0,0,0
3700,5,5,5,0,0,0,0,0,0,0,0,0,0,0,0
3701,5,5,5,0,0,0,0,0,0,0,0,0,0,0,0
3702,5,6,5,0,0,0,0,0,0,0,0,0,0,0,0
3703,5,7,5,0,0,0,0,0,0,0,0,0,0,0,0
3704,5,7,4,0,0,0,0,0,0,0,0,0,0,0,0
3705,5,8,4,0,0,0,0,0,0,0,0,0,0,0,0
3706,5,8,3,0,0,0,0,0,0,0,0,0,0,0,0
3707,5,9,3,0,0,0,0,0,0,0,0,0,0,0,0
3708,5,8,2,0,0,0,0,0,0,0,0,0,0,0,0
3709,5,8,2,0,0,0,0,0,0,0,0,0,0,0,0
3710,5,8,1,0,0,0,0,0,0,0,0,0,0,0,0
3711,5,7,1,0,0,0,0,0,0,0,0,0,0,0,0
3725,5,8,3,0,0,0,0,0,0,0,0,0,0,0,0
3727,5,8,3,0,0,0,0,0,0,0,0,0,0,0,0
3728,5,8,3,0,0,0,0,0,0,0,0,0,0,0,0
3729,5,8,2,0,0,0,0,0,0,0,0,0,0,0,0
3730,5,7,2,0,0,0,0,0,0,0,0,0,0,0,0
3731,5,7,2,0,0,0,0,0,0,0,0,0,0,0,0
3733,5,7,2,0,0,0,0,0,0,0,0,0,0,0,0
3735,5,8,2,0,0,0,0,0,0,0,0,0,0,0,0
3737,5,8,2,0,0,0,0,0,0,0,0,0,0,0,0
3739,5,8,2,0,0,0,0,0,0,0,0,0,0,0,0
3740,5,8,2,0,0,0,0,0,0,0,0,0,0,0,0
3741,5,8,2,0,0,0,0,0,0,0,0,0,0,0,0
3742,5,7,2,0,0,0,0,0,0,0,0,0,0,0,0
3743,5,7,2,0,0,0,0,0,0,0,0,0,0,0,0
3744,5,7,1,0,0,0,0,0,0,0,0,0,0,0,0
3745,5,6,1,0,0,0,0,0,0,0,0,0,0,0,0
3746,5,6,1,0,0,0,0,0,0,0,0,0,0,0,0
3747,5,6,2,0,0,0,0,0,0,0,0,0,0,0,0
3748,5,6,2,0,0,0,0,0,0,0,0,0,0,0,0
3749,5,6,2,0,0,0,0,0,0,0,0,0,0,0,0
3750,5,6,3,0,0,0,0,0,0,0,0,0,0,0,0
3751,4,6,3,0,0,0,0,0,0,0,0,0,0,0,0
3752,4,6,3,0,0,0,0,0,0,0,0,0,0,0,0
3753,4,7,4,0,0,0,0,0,0,0,0,0,0,0,0
3762,5,7,2,0,0,0,0,0,0,0,0,0,0,0,0
3763,5,6,2,0,0,0,0,0,0,0,0,0,0,0,0
3764,5,6,2,0,0,0,0,0,0,0,0,0,0,0,0
3765,5,5,2,0,0,0,0,0,0,0,0,0,0,0,0
3767,5,6,2,0,0,0,0,0,0,0,0,0,0,0,0
3768,5,6,2,0,0,0,0,0,0,0,0,0,0,0,0
3770,5,7,3,0,0,0,0,0,0,0,0,0,0,0,0
3772,5,7,3,0,0,0,0,0,0,0,0,0,0,0,0
3773,5,7,4,0,0,0,0,0,0,0,0,0,0,0,0
3774,5,8,5,0,0,0,0,0,0,0,0,0,0,0,0
3776,5,7,5,0,0,0,0,0,0,0,0,0,0,0,0
3777,5,7,5,0,0,0,0,0,0,0,0,0,0,0,0
3779,5,7,5,0,0,0,0,0,0,0,0,0,0,0,0
3780,5,7,4,0,0,0,0,0,0,0,0,0,0,0,0
3781,5,7,4,0,0,0,0,0,0,0,0,0,0,0,0
3782,5,7,4,0,0,0,0,0,0,0,0,0,0,0,0
3783,5,7,3,0,0,0,0,0,0,0,0,0,0,0,0
3784,5,7,3,0,0,0,0,0,0,0,0,0,0,0,0
3786,5,7,2,0,0,0,0,0,0,0,0,0,0,0,0
3787,5,7,1,0,0,0,0,0,0,0,0,0,0,0,0
3788,5,7,1,0,0,0,0,0,0,0,0,0,0,0,0
3789,5,7,1,0,0,0,0,0,0,0,0,0,0,0,0
3790,5,7,1,0,0,0,0,0,0,0,0,0,0,0,0
3791,5,7,1,0,0,0,0,0,0,0,0,0,0,0,0
3799,5,5,1,0,0,0,0,0,0,0,0,0,0,0,0
3800,5,4,0,0,0,0,0,0,0,0,0,0,0,0,0
3801,5,4,0,0,0,0,0,0,0,0,0,0,0,0,0
3802,5,4,0,0,0,0,0,0,0,0,0,0,0,0,0
3803,5,5,1,0,0,0,0,0,0,0,0,0,0,0,0
3804,5,5,1,0,0,0,0,0,0,0,0,0,0,0,0
3806,5,6,2,0,0,0,0,0,0,0,0,0,0,0,0
3808,5,7,2,0,0,0,0,0,0,0,0,0,0,0,0
3809,5,7,2,0,0,0,0,0,0,0,0,0,0,0,0
3810,5,7,2,0,0,0,0,0,0,0,0,0,0,0,0
3811,5,7,2,0,0,0,0,0,0,0,0,0,0,0,0
3812,5,7,2,0,0,0,0,0,0,0,0,0,0,0,0
3813,5,7,2,0,0,0,0,0,0,0,0,0,0,0,0
3814,5,6,2,0,0,0,0,0,0,0,0,0,0,0,0
3816,5,6,2,0,0,0,0,0,0,0,0,0,0,0,0
3817,5,6,2,0,0,0,0,0,0,0,0,0,0,0,0
3818,5,6,1,0,0,0,0,0,0,0,0,0,0,0,0
3819,5,6,1,0,0,0,0,0,0,0,0,0,0,0,0
